Fecha,CDpto,Dep,CProv,Prov,CDist,Dist,Codigo,Emergencia,Fenomeno,Afectado,Damnificados,Fallecidos,Heridos,lon,lat
2004-06-05,01,AMAZONAS,0101,CHACHAPOYAS,010101,CHACHAPOYAS,00006390,"BARTONELLA EN EL DIST. CHACHAPOYAS,PROV. CHACHAPOYAS, D",EPIDEMIAS,3,0,0,0,-77.8635,-6.23105
2015-02-20,01,AMAZONAS,0101,CHACHAPOYAS,010101,CHACHAPOYAS,00076730,EPIDEMIA DEL DENGUE,EPIDEMIAS,14,0,0,0,-77.8635,-6.23105
2004-06-07,01,AMAZONAS,0101,CHACHAPOYAS,010109,LA JALCA,00006391,"BARTONELLA EN EL DIST. LA JALCA , PROV. CHACHAPOYAS, DP",EPIDEMIAS,5,0,0,0,-77.8192,-6.48702
2014-10-03,01,AMAZONAS,0101,CHACHAPOYAS,010109,LA JALCA,00067007,ROYA AMARILLA DEL CAFETO AFECTA EL DISTRITO DE LA JALCA,PLAGAS,0,0,0,0,-77.8192,-6.48702
2014-10-03,01,AMAZONAS,0101,CHACHAPOYAS,010120,SOLOCO,00067006,ROYA AMARILLA DEL CAFETO AFECTA EL DISTRITO DE SOLOCO,PLAGAS,0,0,0,0,-77.7479,-6.26285
2004-07-04,01,AMAZONAS,0102,BAGUA,010201,LA PECA,00006926,"BARTONELA EN LAS LOCALIDADES DEL DIST. LA PECA, PROV.",EPIDEMIAS,3,0,0,0,-78.4345,-5.60941
2008-04-05,01,AMAZONAS,0102,BAGUA,010201,LA PECA,00026561,FUMIGACION Y ABATIZACION DE VIVIENDAS PARA EL CONTROL D,EPIDEMIAS,99,0,0,0,-78.5363,-5.63842
2014-10-03,01,AMAZONAS,0102,BAGUA,010201,LA PECA,00067016,ROYA AMARILLA DEL CAFETO AFECTA EL DISTRITO DE LA PECA,PLAGAS,0,0,0,0,-78.4345,-5.60941
2006-12-02,01,AMAZONAS,0102,BAGUA,010202,ARAMANGO,00019028,EXISTENCIA DE ZANCUDOS EN LA LOCAL SAN JUAN DE DIOS DI,EPIDEMIAS,16,0,0,0,-78.5574,-5.29379
2014-10-03,01,AMAZONAS,0102,BAGUA,010203,COPALLIN,00067015,ROYA AMARILLA DEL CAFETO AFECTA EL DISTRITO DE COPALLÍN,PLAGAS,0,0,0,0,-78.4225,-5.67283
2005-12-12,01,AMAZONAS,0102,BAGUA,010205,IMAZA,00013537,FIEBRE AMARILLA EN LA CC NN ALTO TUNTUS DISTRITO IMAZA,EPIDEMIAS,76,0,10,0,-78.5656,-4.72148
2014-10-03,01,AMAZONAS,0103,BONGARA,010303,CHURUJA,00067017,ROYA AMARILLA DEL CAFETO AFECTA EL DISTRITO DE CHURUJA,PLAGAS,0,0,0,0,-77.9541,-6.01424
2014-10-03,01,AMAZONAS,0103,BONGARA,010305,CUISPES,00067018,ROYA AMARILLA DEL CAFETO AFECTA EL DISTRITO DE CUISPES,PLAGAS,0,0,0,0,-77.9345,-5.91406
2014-10-03,01,AMAZONAS,0103,BONGARA,010306,FLORIDA,00067019,ROYA AMARILLA DEL CAFETO AFECTA EL DISTRITO DE FLORIDA,PLAGAS,0,0,0,0,-77.9507,-5.82782
2014-10-03,01,AMAZONAS,0103,BONGARA,010307,JAZAN,00067020,ROYA AMARILLA DEL CAFETO AFECTA EL DISTRITO DE JAZÁN,PLAGAS,0,0,0,0,-77.9814,-5.94779
2014-10-03,01,AMAZONAS,0103,BONGARA,010310,SHIPASBAMBA,00067021,ROYA AMARILLA DEL CAFETO AFECTA EL DISTRITO DE SHIPASBA,PLAGAS,0,0,0,0,-78.0716,-5.86804
2014-10-03,01,AMAZONAS,0103,BONGARA,010311,VALERA,00067022,ROYA AMARILLA DEL CAFETO AFECTA EL DISTRITO DE VALERA,PLAGAS,0,0,0,0,-77.9077,-6.04541
2014-10-03,01,AMAZONAS,0103,BONGARA,010312,YAMBRASBAMBA,00067023,ROYA AMARILLA DEL CAFETO AFECTA EL DISTRITO DE YAMBRASB,PLAGAS,0,0,0,0,-77.9558,-5.70099
2006-02-07,01,AMAZONAS,0104,CONDORCANQUI,010402,EL CENEPA,00014439,FIEBRE AMARILLA EN LA CC NN ACHU DISTRITO DE CENEPA PRO,EPIDEMIAS,60,0,2,0,-78.1577,-4.41467
2006-04-19,01,AMAZONAS,0104,CONDORCANQUI,010402,EL CENEPA,00016486,EXISTENCIA DE ZANCUDO (MALARIA) LOCAL HUAMPAMI DIST EL,EPIDEMIAS,120,0,0,0,-78.1641,-4.45515
2006-06-12,01,AMAZONAS,0104,CONDORCANQUI,010402,EL CENEPA,00017041,EXISTENCIAS DE ZANCUDOS EN LA LOCAL HUAMPAMI DIST EL CE,OTROS FENOMENOS DE ORIGEN BIOL,553,0,0,0,-78.1641,-4.45515
2004-12-29,01,AMAZONAS,0104,CONDORCANQUI,010403,RIO SANTIAGO,00008189,"RABIA HUMANA EN LAS CC.NN. DIST. RIO SANTIAGO, PROV. CO",EPIZOOTIA,1183,0,4,0,-77.7307,-4.07842
2006-08-01,01,AMAZONAS,0104,CONDORCANQUI,010403,RIO SANTIAGO,00020295,MALARIA EN LA CCNN SAN RAFAEL DIST RIO SANTIAGO PROV CO,EPIDEMIAS,606,0,0,0,-77.6937,-4.32249
2004-06-07,01,AMAZONAS,0105,LUYA,010502,CAMPORREDONDO,00006392,"BARTONELLA EN EL DIST. CAMPORREDONDO, PROV. CHACHAPOYAS",EPIDEMIAS,1,0,0,0,-78.3592,-6.18252
2014-10-03,01,AMAZONAS,0105,LUYA,010502,CAMPORREDONDO,00067024,ROYA AMARILLA DEL CAFETO AFECTA EL DISTRITO DE CAMPORRE,PLAGAS,0,0,0,0,-78.3592,-6.18252
2004-06-08,01,AMAZONAS,0105,LUYA,010504,COLCAMAR,00006393,"BARTONELLA EN EL DIST. COLCAMAR, PROV. LUYA, DPTO. AMAZ",EPIDEMIAS,16,0,0,0,-77.9917,-6.31132
2014-10-03,01,AMAZONAS,0105,LUYA,010505,CONILA,00067031,ROYA AMARILLA DEL CAFETO AFECTA EL DISTRITO DE CONILA,PLAGAS,0,0,0,0,-78.1569,-6.15144
2014-10-03,01,AMAZONAS,0105,LUYA,010508,LONYA CHICO,00067032,ROYA AMARILLA DEL CAFETO AFECTA EL DISTRITO DE LONYA CH,PLAGAS,0,0,0,0,-77.9585,-6.23006
2004-06-05,01,AMAZONAS,0105,LUYA,010512,OCALLI,00006473,BARTONELLA DIST. OCALLI-PROV. LUYA,EPIDEMIAS,2,0,0,0,-78.2696,-6.23557
2004-08-31,01,AMAZONAS,0105,LUYA,010512,OCALLI,00007827,EPIDEMIA BARTONELOSIS EN LAS LOCALIDADES DEL DIST. OCAL,EPIDEMIAS,35,0,0,0,-78.2696,-6.23557
2014-10-03,01,AMAZONAS,0105,LUYA,010512,OCALLI,00067025,ROYA AMARILLA DEL CAFETO AFECTA EL DISTRITO DE OCALLI,PLAGAS,0,0,0,0,-78.2696,-6.23557
2014-10-03,01,AMAZONAS,0105,LUYA,010513,OCUMAL,00067026,ROYA AMARILLA DEL CAFETO AFECTA EL DISTRITO DE OCUMAL,PLAGAS,0,0,0,0,-78.2293,-6.31374
2014-10-03,01,AMAZONAS,0105,LUYA,010514,PISUQUIA,00067027,ROYA AMARILLA DEL CAFETO AFECTA EL DISTRITO DE PISUQUIA,PLAGAS,0,0,0,0,-78.0519,-6.49547
2014-10-03,01,AMAZONAS,0105,LUYA,010515,PROVIDENCIA,00067028,ROYA AMARILLA DEL CAFETO AFECTA EL DISTRITO DE PROVIDEN,PLAGAS,0,0,0,0,-78.3,-6.30919
2014-10-03,01,AMAZONAS,0105,LUYA,010518,SAN JERONIMO,00067029,ROYA AMARILLA DEL CAFETO AFECTA EL DISTRITO DE SAN JERÓ,PLAGAS,0,0,0,0,-77.9766,-6.06453
2014-10-03,01,AMAZONAS,0105,LUYA,010520,SANTA CATALINA,00067030,ROYA AMARILLA DEL CAFETO AFECTA EL DISTRITO DE SANTA CA,PLAGAS,0,0,0,0,-78.0794,-6.06497
2014-10-03,01,AMAZONAS,0106,R.DE MENDOZA,010601,SAN NICOLAS,00067001,ROYA AMARILLA DEL CAFETO AFECTA EL DISTRITO DE SAN NICO,PLAGAS,0,0,0,0,-77.4831,-6.39569
2014-10-03,01,AMAZONAS,0106,R.DE MENDOZA,010602,CHIRIMOTO,00066964,ROYA AMARILLA DEL CAFETO AFECTA EL DISTRITO DE CHIRIMOT,PLAGAS,0,0,0,0,-77.4798,-6.52991
2014-10-03,01,AMAZONAS,0106,R.DE MENDOZA,010603,COCHAMAL,00066970,ROYA AMARILLA DEL CAFETO AFECTA EL DISTRITO DE COCHAMAL,PLAGAS,0,0,0,0,-77.5809,-6.40841
2014-10-08,01,AMAZONAS,0106,R.DE MENDOZA,010604,HUAMBO,00066966,ROYA AMARILLA DEL CAFETO AFECTA EL DISTRITO DE HUAMBO,PLAGAS,0,0,0,0,-77.5389,-6.42821
2014-10-03,01,AMAZONAS,0106,R.DE MENDOZA,010605,LIMABAMBA,00066996,ROYA AMARILLA DEL CAFETO AFECTA EL DISTRITO DE LIMABAMB,PLAGAS,0,0,0,0,-77.5016,-6.49857
2014-10-03,01,AMAZONAS,0106,R.DE MENDOZA,010606,LONGAR,00066997,ROYA AMARILLA DEL CAFETO AFECTA EL DISTRITO DE LONGAR,PLAGAS,0,0,0,0,-77.536,-6.36425
2014-10-03,01,AMAZONAS,0106,R.DE MENDOZA,010607,MRSCAL BENAVIDES,00066998,ROYA AMARILLA DEL CAFETO AFECTA EL DISTRITO DE MARISCAL,PLAGAS,0,0,0,0,-77.5068,-6.38562
2014-10-03,01,AMAZONAS,0106,R.DE MENDOZA,010608,MILPUC,00066999,ROYA AMARILLA DEL CAFETO AFECTA EL DISTRITO DE MILPUC,PLAGAS,0,0,0,0,-77.4391,-6.49794
2014-10-03,01,AMAZONAS,0106,R.DE MENDOZA,010609,OMIA,00067000,ROYA AMARILLA DEL CAFETO AFECTA EL DISTRITO DE OMIA,PLAGAS,0,0,0,0,-77.3973,-6.46933
2014-10-03,01,AMAZONAS,0106,R.DE MENDOZA,010610,SANTA ROSA,00067003,ROYA AMARILLA DEL CAFETO AFECTA EL DISTRITO DE SANTA RO,PLAGAS,0,0,0,0,-77.4579,-6.45201
2014-10-03,01,AMAZONAS,0106,R.DE MENDOZA,010611,TOTORA,00067004,ROYA AMARILLA DEL CAFETO AFECTA EL DISTRITO DE TOTORA,PLAGAS,0,0,0,0,-77.4747,-6.49043
2014-10-03,01,AMAZONAS,0106,R.DE MENDOZA,010612,VISTA ALEGRE,00067005,ROYA AMARILLA DEL CAFETO AFECTA EL DISTRITO DE VISTA AL,PLAGAS,0,0,0,0,-77.2942,-6.18906
2004-07-01,01,AMAZONAS,0107,UTCUBAMBA,010702,CAJARURO,00006922,"BARTONELA EN LAS LOCALIDADES DEL DIST, DE CAJARURO, PR",EPIDEMIAS,10,0,0,0,-78.4269,-5.73647
2009-11-16,01,AMAZONAS,0107,UTCUBAMBA,010702,CAJARURO,00035547,BROTES DE DENGUE EN CAJARURO PROV DE UTCUBAMBA REGION A,EPIDEMIAS,6,0,0,0,-78.4269,-5.73647
2014-10-03,01,AMAZONAS,0107,UTCUBAMBA,010702,CAJARURO,00067009,ROYA AMARILLA DEL CAFETO AFECTA EL DISTRITO DE CAJARURO,PLAGAS,0,0,0,0,-78.4269,-5.73647
2004-07-05,01,AMAZONAS,0107,UTCUBAMBA,010703,CUMBA,00006923,"BARTONELA EN LAS LOCALIDADES DEL DIST, CUMBA, PROV. UTC",EPIDEMIAS,12,0,0,0,-78.6657,-5.93334
2014-10-03,01,AMAZONAS,0107,UTCUBAMBA,010703,CUMBA,00067013,ROYA AMARILLA DEL CAFETO AFECTA EL DISTRITO DE CUMBA,PLAGAS,0,0,0,0,-78.6657,-5.93334
2008-04-05,01,AMAZONAS,0107,UTCUBAMBA,010704,EL MILAGRO,00026565,FUMIGACION Y ABATIZACION DE VIVIENDAS PARA EL CONTROL D,EPIDEMIAS,99,0,0,0,-78.5585,-5.63806
2004-07-01,01,AMAZONAS,0107,UTCUBAMBA,010705,JAMALCA,00006924,"BARTONELA EN LAS LOCALIDADES DEL, DIST, JAMALCA, PROV.",EPIDEMIAS,6,0,0,0,-78.2103,-5.92087
2014-10-03,01,AMAZONAS,0107,UTCUBAMBA,010705,JAMALCA,00067010,ROYA AMARILLA DEL CAFETO AFECTA EL DISTRITO DE JAMALCA,PLAGAS,0,0,0,0,-78.2103,-5.92087
2004-07-06,01,AMAZONAS,0107,UTCUBAMBA,010706,LONYA GRANDE,00006925,"BARTONELA EN LAS LOCALIDADES DEL  DIST, LONYA GRANDE, P",EPIDEMIAS,86,0,0,0,-78.4984,-6.08705
2014-10-03,01,AMAZONAS,0107,UTCUBAMBA,010706,LONYA GRANDE,00067011,ROYA AMARILLA DEL CAFETO AFECTA EL DISTRITO DE LONYA GR,PLAGAS,0,0,0,0,-78.4984,-6.08705
2014-10-03,01,AMAZONAS,0107,UTCUBAMBA,010707,YAMON,00067012,ROYA AMARILLA DEL CAFETO AFECTA EL DISTRITO DE YAMÓN,PLAGAS,0,0,0,0,-78.5323,-6.05257
2015-05-20,02,ANCASH,0218,SANTA,021803,COISHCO,00076695,PRESENCIA DE EPIDEMIAS DE DENGUE EN LA REGION ANCASH,EPIDEMIAS,110,0,0,0,-78.6182,-9.02398
2007-01-22,03,APURIMAC,0301,ABANCAY,030101,ABANCAY,00019623,PLAGAS DE ROEDORES RATAS EN ABANCAY ABANCAY ABANCAY,PLAGAS,101599,0,0,0,-72.8793,-13.6368
2010-02-24,03,APURIMAC,0301,ABANCAY,030101,ABANCAY,00037414,BROTE DE RABIA SILVESTRE DAÑA LOS GANADOS DE LAS LOCALI,EPIDEMIAS,205,0,0,0,-72.8793,-13.6368
2007-01-31,03,APURIMAC,0302,ANDAHUAYLAS,030201,ANDAHUAYLAS,00019629,PLAGAS DE ROEDORES RATAS EN ANDAHUAYLAS ANDAHUAYLAS,PLAGAS,146093,0,0,0,-73.3849,-13.6563
2018-04-03,03,APURIMAC,0303,ANTABAMBA,030301,ANTABAMBA,00092998,ATACAN AL CULTIVO DE MAIZ ROEDORES EN LOS PARAJES DE HU,PLAGAS,0,0,0,0,-72.8778,-14.3653
2007-01-24,03,APURIMAC,0304,AYMARAES,030401,CHALHUANCA,00019621,PLAGA DE ROEDORES RATAS EN CHALHUANCA AYMARAES,PLAGAS,32501,0,0,0,-73.2469,-14.2953
2018-05-11,03,APURIMAC,0304,AYMARAES,030417,YANACA,00094323,POR FENOMENO DE PLAGAS ROEDORES DAMNIFICADAS 150 FAMIL,PLAGAS,0,0,0,0,-73.1587,-14.2262
2007-01-31,03,APURIMAC,0306,CHINCHEROS,030601,CHINCHEROS,00019634,PLAGAS DFE ROEDORES EN CHINCHEROS CHINCHEROS,PLAGAS,52317,0,0,0,-73.7215,-13.5177
2007-01-30,03,APURIMAC,0307,GRAU,030701,CHUQUIBAMBILLA,00019618,PLAGAS DE ROEDORES EN GRAU,PLAGAS,27007,0,0,0,-72.7086,-14.1044
2018-10-07,03,APURIMAC,0307,GRAU,030704,HUAYLLATI,00096101,EL DIA DOMINGO 07 DE OCTUBRE INTOXICACION  EN EL DISTRI,OTROS FENOMENOS DE ORIGEN BIOL,57,0,0,0,-72.4861,-13.9285
2018-10-09,03,APURIMAC,0307,GRAU,030708,PROGRESO,00096100,INTOXICACION MASIVA,OTROS FENOMENOS DE ORIGEN BIOL,0,0,0,0,-72.4787,-14.0734
2017-12-21,04,AREQUIPA,0405,CAYLLOMA,040503,CABANACONDE,00091356,ENFERMEDADES RESPIRATORIAS EN LA POBLACION DEL CP DE PI,EPIDEMIAS,351,0,0,0,-71.8391,-15.6148
2018-04-02,04,AREQUIPA,0405,CAYLLOMA,040503,CABANACONDE,00093441,PRESENCIA DE PLAGAS ROEDORES EN EL CENTRO POBLADO MENOR,PLAGAS,0,0,0,0,-71.8391,-15.6148
2014-05-02,04,AREQUIPA,0405,CAYLLOMA,040507,HUAMBO,00065493,PLAGA  DE LA ROYA AFECTA  CULTIVOS DE  ORÉGANO EN EL  D,PLAGAS,0,0,0,0,-72.1073,-15.7299
2018-01-10,04,AREQUIPA,0405,CAYLLOMA,040510,LARI,00091357,ENFERMEDADES RESPIRATORIAS EN EL DISTRITO DE LARI,EPIDEMIAS,1182,0,0,0,-71.7694,-15.6218
2004-01-23,04,AREQUIPA,0405,CAYLLOMA,040518,TUTI,00005317,EPIFITOFIA EN EL DISTRITO DE TUTI - ACHOMA,EPIFITOTIA,440,0,0,0,-71.5511,-15.5325
2018-07-24,04,AREQUIPA,0406,CONDESUYOS,040607,SALAMANCA,00096229,COLAPSO DE POZO SEPTICO EN LA IE Nº 40469 MAUCALLACTA,OTROS FENOMENOS DE ORIGEN BIOL,0,0,0,0,-72.6807,-15.4172
2017-05-15,04,AREQUIPA,0408,LA UNION,040807,QUECHUALLA,00089373,PLAGA FILOXERA AFECTA CULTIVOS DE VID EN EL DISTRITO DE,PLAGAS,0,0,0,0,-73.0581,-15.3237
2015-12-29,05,AYACUCHO,0501,HUAMANGA,050101,AYACUCHO,00076720,PRESENCIA DE EPIDEMIA DE DENGUE Y CHIKUNGUYA EN LA REGI,EPIDEMIAS,29,0,0,0,-74.2266,-13.1605
2016-05-21,05,AYACUCHO,0501,HUAMANGA,050101,AYACUCHO,00076731,PRESENCIA DE EPIDEMIA DE DENGUE Y CHIKUNGUYA EN LA REGI,OTROS FENOMENOS DE ORIGEN BIOL,1135,0,1,0,-74.2266,-13.1605
2011-01-31,05,AYACUCHO,0504,HUANTA,050407,SIVIA,00042331,EPIDEMIAS Y ENFERMEDADES AEDICOS EN EL DISTRITO DE SIVI,EPIDEMIAS,13668,0,0,0,-73.8581,-12.5125
2014-10-03,05,AYACUCHO,0504,HUANTA,050407,SIVIA,00066716,ROYA AMARILLA DEL CAFETO AFECTA EL DISTRITO DE SIVIA,PLAGAS,0,0,0,0,-73.8581,-12.5125
2014-10-03,05,AYACUCHO,0504,HUANTA,050408,LLOCHEGUA,00066715,ROYA AMARILLA DEL CAFETO AFECTA EL DISTRITO DE LLOCHEGU,PLAGAS,0,0,0,0,-73.9098,-12.4114
2014-10-03,05,AYACUCHO,0505,LA MAR,050502,ANCO,00066707,ROYA AMARILLA DEL CAFETO AFECTA EL DISTRITO DE ANCO,PLAGAS,0,0,0,0,-73.5095,-13.0953
2014-10-03,05,AYACUCHO,0505,LA MAR,050503,AYNA,00066709,ROYA AMARILLA DEL CAFETO AFECTA EL DISTRITO DE AYNA,PLAGAS,0,0,0,0,-73.8878,-12.7141
2014-10-03,05,AYACUCHO,0505,LA MAR,050505,CHUNGUI,00066687,ROYA AMARILLA DEL CAFETO AFECTA EL DISTRITO DE CHUNGUI,PLAGAS,0,0,0,0,-73.6241,-13.2224
2014-10-03,05,AYACUCHO,0505,LA MAR,050507,SANTA ROSA,00066710,ROYA AMARILLA DEL CAFETO AFECTA EL DISTRITO DE SANTA RO,PLAGAS,0,0,0,0,-73.735,-12.6886
2011-12-04,05,AYACUCHO,0506,LUCANAS,050601,PUQUIO,00048336,INVASION AGRESIVA Y MASIFICADA DE KIKUYO EN LAS AREAS D,PLAGAS,0,0,0,0,-74.0937,-14.7125
2011-12-05,05,AYACUCHO,0507,PARINACOCHAS,050701,CORACORA,00048334,INVASION AGRESIVA DE KIKUYO  EN LAS AREAS DE PRODUCCION,PLAGAS,0,0,0,0,-73.7793,-15.0156
2018-08-06,05,AYACUCHO,0508,P. DEL SARA SARA,050809,S.JOSE DE USHUA,00095062,INTOXICACIÓN MASIVA EN EL DISTRITO DE SAN JOSE DE USHUA,OTROS FENOMENOS DE ORIGEN BIOL,0,0,10,45,-73.2305,-15.2259
2014-10-03,06,CAJAMARCA,0604,CHOTA,060403,CHADIN,00066814,ROYA AMARILLA DEL CAFETO AFECTA EL DISTRITO DE CHADIN,PLAGAS,0,0,0,0,-78.4248,-6.47313
2014-10-03,06,CAJAMARCA,0604,CHOTA,060405,CHIMBAN,00066815,ROYA AMARILLA DEL CAFETO AFECTA EL DISTRITO DE CHIMBAN,PLAGAS,0,0,0,0,-78.4782,-6.25225
2014-10-03,06,CAJAMARCA,0604,CHOTA,060406,CHOROPAMPA,00066813,ROYA AMARILLA DEL CAFETO AFECTA EL DISTRITO DE CHOROPAM,PLAGAS,0,0,0,0,-78.3532,-6.43637
2014-10-03,06,CAJAMARCA,0604,CHOTA,060413,PACCHA,00066816,ROYA AMARILLA DEL CAFETO AFECTA EL DISTRITO DE PACCHA,PLAGAS,0,0,0,0,-78.4168,-6.49942
2014-10-03,06,CAJAMARCA,0604,CHOTA,060414,PION,00066817,ROYA AMARILLA DEL CAFETO AFECTA EL DISTRITO DE PION,PLAGAS,0,0,0,0,-78.4842,-6.18076
2014-10-03,06,CAJAMARCA,0604,CHOTA,060415,QUEROCOTO,00066818,ROYA AMARILLA DEL CAFETO AFECTA EL DISTRITO DE QUEROCOT,PLAGAS,0,0,0,0,-79.0384,-6.36064
2014-10-03,06,CAJAMARCA,0604,CHOTA,060417,TACABAMBA,00066819,ROYA AMARILLA DEL CAFETO AFECTA EL DISTRITO DE TACABAM,PLAGAS,0,0,0,0,-78.6126,-6.39329
2014-10-03,06,CAJAMARCA,0604,CHOTA,060419,CHALAMARCA,00067039,ROYA AMARILLA DEL CAFETO AFECTA AL DISTRITO DE CHALAMAR,PLAGAS,0,0,0,0,-78.4808,-6.50156
2014-10-03,06,CAJAMARCA,0606,CUTERVO,060601,CUTERVO,00066807,ROYA AMARILLA DEL CAFETO AFECTA EL DISTRITO DE CUTERVO,PLAGAS,0,0,0,0,-78.8206,-6.37964
2014-10-03,06,CAJAMARCA,0606,CUTERVO,060602,CALLAYUC,00066804,ROYA AMARILLA DEL CAFETO AFECTA EL DISTRITO DE CALLAYUC,PLAGAS,0,0,0,0,-78.9086,-6.17724
2014-10-03,06,CAJAMARCA,0606,CUTERVO,060603,CHOROS,00066805,ROYA AMARILLA DEL CAFETO AFECTA EL DISTRITO DE CHOROS,PLAGAS,0,0,0,0,-78.6969,-5.90105
2014-10-03,06,CAJAMARCA,0606,CUTERVO,060604,CUJILLO,00066806,ROYA AMARILLA DEL CAFETO AFECTA EL DISTRITO DE CUJILLO,PLAGAS,0,0,0,0,-78.5766,-6.10822
2012-02-27,06,CAJAMARCA,0606,CUTERVO,060606,PIMPINGOS,00050912,EPIDEMIAS DE DENGUE DENV2 PROVINCIA DE CUTERVO  REG CAJ,EPIDEMIAS,2,0,0,0,-78.7598,-6.06238
2014-10-03,06,CAJAMARCA,0606,CUTERVO,060606,PIMPINGOS,00066808,ROYA AMARILLA DEL CAFETO AFECTA EL DISTRITO DE PIMPINGO,PLAGAS,0,0,0,0,-78.7598,-6.06238
2014-10-03,06,CAJAMARCA,0606,CUTERVO,060607,QUEROCOTILLO,00066809,ROYA AMARILLA DEL CAFETO AFECTA EL DISTRITO DE QUEROCO,PLAGAS,0,0,0,0,-79.0395,-6.2748100000000004
2014-10-03,06,CAJAMARCA,0606,CUTERVO,060608,S.A. DE CUTERVO,00066810,ROYA AMARILLA DEL CAFETO AFECTA EL DISTRITO DE SAN ANDR,PLAGAS,0,0,0,0,-78.7157,-6.23652
2014-10-03,06,CAJAMARCA,0606,CUTERVO,060609,S.JUAN DE CUTERVO,00066811,ROYA AMARILLA DEL CAFETO AFECTA EL DISTRITO DE SAN JUAN,PLAGAS,0,0,0,0,-78.6013,-6.17484
2014-10-03,06,CAJAMARCA,0606,CUTERVO,060611,SANTA CRUZ,00067036,ROYA AMARILLA DEL CAFETO AFECTA AL DISTRITO DE SANTA CR,PLAGAS,0,0,0,0,-78.8548,-6.09661
2014-10-03,06,CAJAMARCA,0606,CUTERVO,060612,S.D. DE LA CAPILLA,00067037,ROYA AMARILLA DEL CAFETO AFECTA AL DISTRITO DE SANTO DO,PLAGAS,0,0,0,0,-78.8579,-6.24518
2014-10-03,06,CAJAMARCA,0606,CUTERVO,060613,SANTO TOMAS,00066812,ROYA AMARILLA DEL CAFETO AFECTA EL DISTRITO DE SANTO TO,PLAGAS,0,0,0,0,-78.691,-6.15445
2012-03-22,06,CAJAMARCA,0606,CUTERVO,060614,SOCOTA,00051315,ENFERMEDAD ENDEMICA CARRION EN LAS PROV CUTERVO  SAN IG,EPIDEMIAS,50,0,0,0,-78.7016,-6.31599
2014-10-03,06,CAJAMARCA,0606,CUTERVO,060615,TORIBIO CASANOVA,00067038,ROYA AMARILLA DEL CAFETO AFECTA AL DISTRITO DE TORIBIO,PLAGAS,0,0,0,0,-78.7021,-6.00726
2014-10-03,06,CAJAMARCA,0608,JAEN,060803,CHONTALI,00066766,ROYA AMARILLA DEL CAFETO AFECTA EL DISTRITO DE  CHONTAL,PLAGAS,0,0,0,0,-79.1235,-5.64202
2014-10-03,06,CAJAMARCA,0608,JAEN,060804,COLASAY,00066767,ROYA AMARILLA DEL CAFETO AFECTA EL DISTRITO,PLAGAS,0,0,0,0,-79.0731,-5.97838
2014-10-03,06,CAJAMARCA,0608,JAEN,060805,HUABAL,00066768,ROYA AMARILLA DEL CAFETO AFECTA EL DISTRITO DE HUABAL,PLAGAS,0,0,0,0,-78.9122,-5.61361
2014-10-03,06,CAJAMARCA,0608,JAEN,060806,LAS PIRIAS,00066770,ROYA AMARILLA DEL CAFETO AFECTA EL DISTRITO DE  LAS PIR,PLAGAS,0,0,0,0,-78.8548,-5.62772
2014-10-03,06,CAJAMARCA,0608,JAEN,060807,POMAHUACA,00066771,ROYA AMARILLA DEL CAFETO AFECTA EL DISTRITO DE POMAHUAC,PLAGAS,0,0,0,0,-79.2322,-5.93235
2014-10-03,06,CAJAMARCA,0608,JAEN,060808,PUCARA,00066772,ROYA AMARILLA DEL CAFETO AFECTA EL DISTRITO DE  PUCARA,PLAGAS,0,0,0,0,-79.1307,-6.03938
2014-10-03,06,CAJAMARCA,0608,JAEN,060809,SALLIQUE,00066773,ROYA AMARILLA DEL CAFETO AFECTA EL DISTRITO DE SALLIQUE,PLAGAS,0,0,0,0,-79.3183,-5.65845
2014-10-03,06,CAJAMARCA,0608,JAEN,060810,SAN FELIPE,00066801,ROYA AMARILLA DEL CAFETO AFECTA EL DISTRITO DE SAN FELI,PLAGAS,0,0,0,0,-79.3152,-5.77013
2014-10-03,06,CAJAMARCA,0608,JAEN,060811,S.JOSE DEL ALTO,00066802,ROYA AMARILLA DEL CAFETO AFECTA EL DISTRITO DE SAN JOS,PLAGAS,0,0,0,0,-79.0965,-5.43926
2014-10-03,06,CAJAMARCA,0608,JAEN,060812,SANTA ROSA,00066803,ROYA AMARILLA DEL CAFETO AFECTA EL DISTRITO DE SANTA R,PLAGAS,0,0,0,0,-78.5599,-5.42258
2014-10-03,06,CAJAMARCA,0609,SAN IGNACIO,060902,CHIRINOS,00066758,ROYA AMARILLA DEL CAFETO AFECTA EL DISTRITO DE CHIRINOS,PLAGAS,0,0,0,0,-78.9025,-5.30593
2011-11-07,06,CAJAMARCA,0609,SAN IGNACIO,060903,HUARANGO,00048317,EPIDEMIA DE LA ENFERMEDAD DE CARRIÓN AFECTA A LA POBLAC,EPIDEMIAS,0,0,4,0,-78.7808,-5.27186
2014-10-03,06,CAJAMARCA,0609,SAN IGNACIO,060903,HUARANGO,00066759,ROYA AMARILLA DEL CAFETO AFECTA EL DISTRITO DE HUARANGO,PLAGAS,0,0,0,0,-78.7808,-5.27186
2012-04-22,06,CAJAMARCA,0609,SAN IGNACIO,060904,LA COIPA,00051963,INTOXICACION POR CONSUMO DE ALIMENTOS  CP RUMIPITE SAN,OTROS FENOMENOS DE ORIGEN BIOL,250,0,0,0,-78.9751,-5.38766
2012-04-23,06,CAJAMARCA,0609,SAN IGNACIO,060904,LA COIPA,00051980,NTOXICACION POR INGESTA DE ALIMENTOS (SALCHIPOLLO) PACA,OTROS FENOMENOS DE ORIGEN BIOL,88,0,0,0,-79.0111,-5.41295
2014-10-03,06,CAJAMARCA,0609,SAN IGNACIO,060904,LA COIPA,00066760,ROYA AMARILLA DEL CAFETO AFECTA EL DISTRITO LA COIPA,PLAGAS,0,0,0,0,-78.9099,-5.39327
2014-10-03,06,CAJAMARCA,0609,SAN IGNACIO,060905,"NAMBALLE",00066761,ROYA AMARILLA DEL CAFETO AFECTA EL DISTRITO DE NAMBALLE,PLAGAS,0,0,0,0,-79.0865,-5.00931
2014-10-03,06,CAJAMARCA,0609,SAN IGNACIO,060906,S. J. DE LOURDES,00066763,ROYA AMARILLA DEL CAFETO AFECTA EL DISTRITO SAN JOSE DE,PLAGAS,0,0,0,0,-78.9021,-5.05083
2014-10-03,06,CAJAMARCA,0609,SAN IGNACIO,060907,TABACONAS,00066764,ROYA AMARILLA DEL CAFETO AFECTA EL DISTRITO DE  TABACON,PLAGAS,0,0,0,0,-79.285,-5.31685
2014-10-03,06,CAJAMARCA,0611,SAN MIGUEL,061102,BOLIVAR,00066823,ROYA AMARILLA DEL CAFETO AFECTA EL DISTRITO DE BOLIVAR,PLAGAS,0,0,0,0,-79.1791,-6.97723
2014-10-03,06,CAJAMARCA,0611,SAN MIGUEL,061103,CALQUIS,00066824,ROYA AMARILLA DEL CAFETO AFECTA EL DISTRITO DE CALQUIS,PLAGAS,0,0,0,0,-78.8523,-6.97978
2014-10-03,06,CAJAMARCA,0611,SAN MIGUEL,061106,LA FLORIDA,00066825,ROYA AMARILLA DEL CAFETO AFECTA EL DISTRITO DE LA FLORI,PLAGAS,0,0,0,0,-79.1361,-6.87206
2014-10-03,06,CAJAMARCA,0611,SAN MIGUEL,061109,NIEPOS,00066826,ROYA AMARILLA DEL CAFETO AFECTA EL DISTRITO DE NIEPOS,PLAGAS,0,0,0,0,-79.1306,-6.92793
2014-10-03,06,CAJAMARCA,0613,SANTA CRUZ,061303,CATACHE,00066820,ROYA AMARILLA DEL CAFETO AFECTA EL DISTRITO DE CATACHE,PLAGAS,0,0,0,0,-79.0358,-6.67506
2014-10-03,06,CAJAMARCA,0613,SANTA CRUZ,061307,PULAN,00066821,ROYA AMARILLA DEL CAFETO AFECTA EL DISTRITO DE PULAN,PLAGAS,0,0,0,0,-78.9232,-6.73994
2014-10-03,06,CAJAMARCA,0613,SANTA CRUZ,061308,SAUCEPAMPA,00066822,"LA PRESIDENCIA DE CONCEJO DE MINISTROS, DECLARÓ EL ESTA",PLAGAS,0,0,0,0,-78.9203,-6.69328
2015-12-29,08,CUSCO,0801,CUSCO,080101,CUSCO,00076729,EPIDEMIA DE DENGUE AFECTA A LA REGIÓN CUSCO,EPIDEMIAS,14,0,2,0,-71.9801,-13.5153
2006-03-14,08,CUSCO,0801,CUSCO,080104,SAN JERONIMO,00014852,INTOXICACION MASIVA EN PENAL DE QUENKORO CUSCO,OTROS FENOMENOS DE ORIGEN BIOL,493,0,0,0,-71.8874,-13.5441
2014-10-03,08,CUSCO,0804,CALCA,080404,LARES,00066746,ROYA AMARILLA DE CAFETO AFECTA CULTIVOS EN EL DISTRITO,PLAGAS,0,0,0,0,-72.0475,-13.105
2014-10-03,08,CUSCO,0804,CALCA,080408,YANATILE,00066747,ROYA AMARILLA DE CAFETO AFECTA CULTIVOS EN EL DISTRITO,PLAGAS,0,0,0,0,-72.257,-12.6887
2007-07-01,08,CUSCO,0809,LA CONVENCION,080901,SANTA ANA,00022257,MALARIA  EN  URPIPATA,OTROS FENOMENOS DE ORIGEN BIOL,670,0,0,0,-72.6919,-12.8855
2012-01-15,08,CUSCO,0809,LA CONVENCION,080901,SANTA ANA,00050131,EPIDEMIA DE  MALARIA Y DENGUE EN VARIAS LOCALIDADES  DE,EPIDEMIAS,2250,0,0,0,-72.705,-12.8418
2013-01-10,08,CUSCO,0809,LA CONVENCION,080901,SANTA ANA,00056059,MALARIA  DENGUE VIENE AFECTANDO A LA POBLACION,EPIDEMIAS,80,0,0,0,-72.7042,-12.8543
2014-02-27,08,CUSCO,0809,LA CONVENCION,080901,SANTA ANA,00063486,ALERTA EPIDEMIOLOGICA  OCHO CASOS DE DENGE CONFIRMADOS,EPIDEMIAS,110,0,0,0,-72.6963,-12.8644
2014-10-03,08,CUSCO,0809,LA CONVENCION,080901,SANTA ANA,00066507,ROYA AMARILLA DE CAFETO AFECTA CULTIVOS EN LA PROVINCIA,PLAGAS,0,0,0,0,-72.6963,-12.8644
2015-10-16,08,CUSCO,0809,LA CONVENCION,080901,SANTA ANA,00073591,ROYA AMARILLA DE CAFE AFECTA AL DISTRITO DE SANTA ANA,PLAGAS,0,0,0,0,-72.6963,-12.8644
2016-03-28,08,CUSCO,0809,LA CONVENCION,080901,SANTA ANA,00076322,ROYA AMARILLA DE CAFE AFECTA AL DISTRITO DE SANTA ANA,PLAGAS,4660,0,0,0,-72.6963,-12.8644
2012-05-11,08,CUSCO,0809,LA CONVENCION,080902,ECHARATE,00052671,MORDEDURA DE MURCIELAGOS AFECTA ECHARATI,PLAGAS,4,0,0,0,-73.1321,-11.9839
2012-09-16,08,CUSCO,0809,LA CONVENCION,080902,ECHARATE,00054204,EPIDEMIA MALARIA EN EL DISTRITO DE ECHARATI,EPIDEMIAS,0,0,0,0,-72.9758,-11.4081
2013-12-16,08,CUSCO,0809,LA CONVENCION,080902,ECHARATE,00062468,PRESENCIA DE CASOS DE MALARIA POR PLASMODIOM FALCIPARUN,EPIDEMIAS,10,0,0,0,-72.7098,-12.6036
2013-12-18,08,CUSCO,0809,LA CONVENCION,080902,ECHARATE,00062472,CASOS DE MALARIA EN LAS LOCALIDADES DE ROSALINA E IVANQ,EPIDEMIAS,9,0,0,0,-72.7098,-12.6036
2014-03-26,08,CUSCO,0809,LA CONVENCION,080902,ECHARATE,00063936,PRESENCIA DE DENGUE PERSISTE FUERTE EN EL DISTRITO DE E,EPIDEMIAS,12,0,0,0,-72.7098,-12.6036
2014-10-03,08,CUSCO,0809,LA CONVENCION,080902,ECHARATE,00066737,ROYA AMARILLA DE CAFETO AFECTA CULTIVOS EN EL DISTRITO,PLAGAS,0,0,0,0,-72.5802,-12.7698
2016-02-26,08,CUSCO,0809,LA CONVENCION,080902,ECHARATE,00075136,PRESENCIA DE ROYA AMARILLA EN LOS CAFETOS EN EL DISTRIT,EPIDEMIAS,26363,0,0,0,-72.5802,-12.7698
2017-01-20,08,CUSCO,0809,LA CONVENCION,080902,ECHARATE,00081568,PRESENCIA DE PLAGAS MURCIELAGO EN EL DISTRITO DE ECHARA,PLAGAS,2500,0,1,0,-73.1321,-11.9839
2014-10-03,08,CUSCO,0809,LA CONVENCION,080903,HUAYOPATA,00066738,ROYA AMARILLA DE CAFETO AFECTA CULTIVOS EN EL DISTRITO,PLAGAS,0,0,0,0,-72.5545,-13.0068
2015-10-01,08,CUSCO,0809,LA CONVENCION,080903,HUAYOPATA,00073593,ROYA AMARILLA DE CAFE AFECTA AL DISTRITO DE HUAYOPATA,PLAGAS,0,0,0,0,-72.5905,-13.0209
2016-03-28,08,CUSCO,0809,LA CONVENCION,080903,HUAYOPATA,00076318,ROYA AMARILLA DE CAFE AFECTA AL DISTRITO DE HUAYOPATA,PLAGAS,4497,0,0,0,-72.592,-13.0028
2014-10-03,08,CUSCO,0809,LA CONVENCION,080904,MARANURA,00066740,ROYA AMARILLA DE CAFETO AFECTA CULTIVOS EN EL DISTRITO,PLAGAS,0,0,0,0,-72.6655,-12.9638
2016-03-28,08,CUSCO,0809,LA CONVENCION,080904,MARANURA,00076320,ROYA AMARILLA DE CAFE AFECTA AL DISTRITO DE MARANURA,PLAGAS,4209,0,0,0,-72.6655,-12.9638
2007-03-01,08,CUSCO,0809,LA CONVENCION,080905,OCOBAMBA,00020491,CASOS  DE  LEISHMANIA,EPIDEMIAS,340,0,0,0,-72.4265,-12.8561
2014-10-03,08,CUSCO,0809,LA CONVENCION,080905,OCOBAMBA,00066741,ROYA AMARILLA DE CAFETO AFECTA CULTIVOS EN EL DISTRITO,PLAGAS,0,0,0,0,-72.4333,-12.8877
2016-03-28,08,CUSCO,0809,LA CONVENCION,080905,OCOBAMBA,00076316,ROYA MARILLA DE CAFE AFECTA AL DISTRITO DE OCOBAMBA,PLAGAS,4117,0,0,0,-72.4333,-12.8877
2004-10-01,08,CUSCO,0809,LA CONVENCION,080906,QUELLOUNO,00008098,"MALARIA, EN EL MES DE OCTUBREDEL PRESENTE SE MANIFESTO",EPIDEMIAS,190,0,0,0,-72.2854,-12.5151
2012-08-21,08,CUSCO,0809,LA CONVENCION,080906,QUELLOUNO,00054011,BROTE DE MALARIA LESMANIA AFECTA AL DISTRITO DE QUELLOU,EPIDEMIAS,0,0,0,0,-72.5595,-12.6362
2014-10-03,08,CUSCO,0809,LA CONVENCION,080906,QUELLOUNO,00066743,ROYA AMARILLA DE CAFETO AFECTA CULTIVOS EN EL DISTRITO,PLAGAS,0,0,0,0,-72.5574,-12.6363
2016-02-22,08,CUSCO,0809,LA CONVENCION,080906,QUELLOUNO,00075405,EN EL AMBITO DEL DISTRITO DE QUELLOUNO SE PRESENTA LA E,OTROS FENOMENOS DE ORIGEN BIOL,0,0,0,0,-72.5574,-12.6363
2018-07-05,08,CUSCO,0809,LA CONVENCION,080906,QUELLOUNO,00095518,BROTE POR VIRUS DE FIEBRE DE MAYARO EN EL VALLE CHIRUMB,EPIDEMIAS,2340,0,0,0,-72.5793,-12.5625
2005-02-27,08,CUSCO,0809,LA CONVENCION,080907,KIMBIRI,00012476,AUMENTO DE CASOS DE PALUDISMO EN ANCHIHUAY,EPIDEMIAS,146,0,0,0,-73.7364,-12.5546
2014-10-03,08,CUSCO,0809,LA CONVENCION,080907,KIMBIRI,00066739,ROYA AMARILLA DE CAFETO AFECTA CULTIVOS EN EL DISTRITO,PLAGAS,0,0,0,0,-73.7869,-12.621
2014-10-03,08,CUSCO,0809,LA CONVENCION,080908,SANTA TERESA,00066744,ROYA AMARILLA DE CAFETO AFECTA CULTIVOS EN EL DISTRITO,PLAGAS,0,0,0,0,-72.5948,-13.131
2015-11-25,08,CUSCO,0809,LA CONVENCION,080908,SANTA TERESA,00073974,ROYA AMARILLA DE CAFE AFECTA AL DISTRITO DE SANTA TERES,PLAGAS,0,0,0,0,-72.5948,-13.131
2016-02-25,08,CUSCO,0809,LA CONVENCION,080908,SANTA TERESA,00075168,EN LAS DIFERENTES CUENCAS DEL DISTRITO DE SANTA TERESA,PLAGAS,0,0,0,0,-72.5948,-13.131
2013-04-28,08,CUSCO,0809,LA CONVENCION,080909,VILCABAMBA,00058147,EPIDEMIA DE MALARIA EN EL DISTRITO DE VILCABAMBA,EPIDEMIAS,1,0,0,0,-73.5124,-12.9971
2014-10-03,08,CUSCO,0809,LA CONVENCION,080909,VILCABAMBA,00066745,ROYA AMARILLA DE CAFETO AFECTA CULTIVOS EN EL DISTRITO,PLAGAS,0,0,0,0,-72.9791,-13.1243
2015-10-13,08,CUSCO,0809,LA CONVENCION,080909,VILCABAMBA,00073592,ROYA AMARILLA DE CAFE AFECTA AL DISTRITO DE VILCABAMBA,PLAGAS,0,0,0,0,-72.9791,-13.1243
2016-03-28,08,CUSCO,0809,LA CONVENCION,080909,VILCABAMBA,00076323,ROYA AMARILLA DE CAFE AFECTA AL DISTRITO DE VILCABAMBA,PLAGAS,2994,0,0,0,-72.9791,-13.1243
2014-10-03,08,CUSCO,0809,LA CONVENCION,080910,PICHARI,00066742,ROYA AMARILLA DE CAFETO AFECTA CULTIVOS EN EL DISTRITO,PLAGAS,0,0,0,0,-73.8372,-12.5212
2011-02-25,08,CUSCO,0812,QUISPICANCHI,081203,CAMANTI,00043827,BROTE EPIDEMICO DE DENGUE EN LA LOCALIDAD DE QUINCEMIL,EPIDEMIAS,2100,0,0,0,-70.7581,-13.2309
2019-01-02,09,HUANCAVELICA,0901,HUANCAVELICA,090104,CONAYCA,00097543,CCCC,EPIDEMIAS,0,0,0,0,-74.9986,-12.5424
2014-08-01,09,HUANCAVELICA,0903,ANGARAES,090301,LIRCAY,00066424,SE REGISTRO CAIDA DE PIEDRA EN EL BARRIO DE BELLAVISTA,OTROS FENOMENOS DE ORIGEN BIOL,4,0,0,0,-74.7204,-12.9842
2017-01-01,09,HUANCAVELICA,0905,CHURCAMPA,090503,CHINCHIHUASI,00083286,EFECTOS CONTAMINANTES SE HA PRODUCIDO A CAUSA DEL ABAND,OTROS FENOMENOS DE ORIGEN BIOL,1200,0,0,0,-74.548,-12.5187
2017-02-02,09,HUANCAVELICA,0905,CHURCAMPA,090503,CHINCHIHUASI,00083057,PLAGAS DENOMINADAS MACRODACTILUS AFECTA LA PRODUCCION D,PLAGAS,0,0,0,0,-74.548,-12.5187
2014-10-03,10,HUÁNUCO,1001,HUANUCO,100103,CHINCHAO,00066912,ROYA AMARILLA DEL CAFETO AFECTA EL DISTRITO DE CHINCHAO,PLAGAS,0,0,0,0,-76.0749,-9.80224
2010-07-30,10,HUÁNUCO,1002,AMBO,100202,CAYNA,00040082,PERDIDA DE CULTIVOS POR ATAQUE DE PLAGAS EN EL CASERIO,PLAGAS,300,0,0,0,-76.341,-10.2701
2010-07-30,10,HUÁNUCO,1002,AMBO,100203,COLPAS,00040087,PLAGAS AFECTAN AREAS DE CULTIVOS EN VARIAS LOCALIDADES,PLAGAS,420,0,0,0,-76.4174,-10.2689
2010-07-30,10,HUÁNUCO,1002,AMBO,100205,HUACAR,00040086,PLAGAS AFECTA AREAS DE CUTILVO EN VARIOS CASERIOS DEL D,PLAGAS,8610,0,0,0,-76.2902,-10.2234
2010-07-30,10,HUÁNUCO,1002,AMBO,100206,SAN FRANCISCO,00040084,PLAGAS ATACAN AREAS DE CULTIVOS EN EL CASERIO DE ACOCHA,PLAGAS,396,0,0,0,-76.3303,-10.2947
2014-10-03,10,HUÁNUCO,1003,DOS DE MAYO,100311,MARIAS,00066984,ROYA AMARILLA DEL CAFETO AFECTA EL DISTRITO DE MARIAS,PLAGAS,0,0,0,0,-76.7092,-9.60757
2014-10-03,10,HUÁNUCO,1005,HUAMALIES,100502,ARANCAY,00066918,ROYA AMARILLA DEL CAFETO AFECTA EL DISTRITO DE ARANCAY,PLAGAS,0,0,0,0,-76.7534,-9.17145
2014-10-03,10,HUÁNUCO,1005,HUAMALIES,100504,JACAS GRANDE,00066928,ROYA AMARILLA DEL CAFETO AFECTA EL DISTRITO DE JACAS GR,PLAGAS,0,0,0,0,-76.7398,-9.54022
2014-10-03,10,HUÁNUCO,1005,HUAMALIES,100507,MONZON,00066932,ROYA AMARILLA DEL CAFETO AFECTA EL DISTRITO DE MONZON,PLAGAS,0,0,0,0,-76.4004,-9.28125
2014-10-03,10,HUÁNUCO,1006,LEONCIO PRADO,100601,RUPA-RUPA,00066979,ROYA AMARILLA DEL CAFETO AFECTA EL DISTRITO DE RUPA RUP,PLAGAS,0,0,0,0,-75.9996,-9.29569
2015-05-23,10,HUÁNUCO,1006,LEONCIO PRADO,100601,RUPA-RUPA,00076717,CASOS DE DENGUE EN LA PROVINCIA DE LEONCIO PRADO,EPIDEMIAS,127,0,1,0,-75.9996,-9.29569
2014-10-03,10,HUÁNUCO,1006,LEONCIO PRADO,100602,D.ALOMIAS ROBLES,00066938,ROYA AMARILLA DEL CAFETO AFECTA EL DISTRITO DE DANIEL A,PLAGAS,0,0,0,0,-75.956,-9.18616
2014-10-03,10,HUÁNUCO,1006,LEONCIO PRADO,100603,HERMILIO VALDIZAN,00066963,ROYA AMARILLA DEL CAFETO AFECTA EL DISTRITO DE HERMILI,PLAGAS,0,0,0,0,-75.8466,-9.14329
2004-03-28,10,HUÁNUCO,1006,LEONCIO PRADO,100604,J.CRESPO Y CASTILLO,00009482,PLAGA DENOMINADO MANCHA ANILLADA DE LA PAPAYA JJCRESPO,PLAGAS,11305,0,0,0,-76.075,-9.06037
2014-10-03,10,HUÁNUCO,1006,LEONCIO PRADO,100604,J.CRESPO Y CASTILLO,00066968,ROYA AMARILLA DEL CAFETO AFECTA EL DISTRITO DE,PLAGAS,0,0,0,0,-76.1153,-8.93203
2014-10-03,10,HUÁNUCO,1006,LEONCIO PRADO,100606,M. DAMASO BERAUN,00066972,ROYA AMARILLA DEL CAFETO AFECTA EL DISTRITO DE MARIANO,PLAGAS,0,0,0,0,-75.9691,-9.41961
2014-10-03,10,HUÁNUCO,1007,MARAÑON,100702,CHOLON,00066986,ROYA AMARILLA DEL CAFETO AFECTA EL DISTRITO DE CHOLON,PLAGAS,0,0,0,0,-76.3382,-9.01355
2014-10-03,10,HUÁNUCO,1008,PACHITEA,100802,CHAGLLA,00066917,ROYA AMARILLA DEL CAFETO AFECTA EL DISTRITO DE CHAGLLA,PLAGAS,0,0,0,0,-75.9064,-9.84564
2014-10-03,10,HUÁNUCO,1009,PUERTO INCA,100902,CODO DEL POZUZO,00066989,ROYA AMARILLA DEL CAFETO AFECTA EL DISTRITO DE CODO DEL,PLAGAS,0,0,0,0,-75.4564,-9.67392
2015-12-29,11,ICA,1101,ICA,110101,ICA,00076734,EPIDEMIA DE DENGUE,EPIDEMIAS,1,0,0,0,-75.7282,-14.0707
2016-04-27,11,ICA,1101,ICA,110101,ICA,00076530,DENGUE CAUSA DAÑOS A LA POBLACION EN LA PROVINCIA DE IC,EPIDEMIAS,54,0,0,0,-75.7282,-14.0707
2018-06-01,11,ICA,1101,ICA,110101,ICA,00094687,EPIDEMIA  DE INFLUENZA AH1N1 EN LA REGION ICA,EPIDEMIAS,0,0,0,0,-75.7282,-14.0707
2007-06-27,11,ICA,1102,CHINCHA,110209,S.PEDRO DE HUACARPANA,00022465,PLAGAS DE ROEDORES EN EL SAN PEDRO DE HUACARPANA,PLAGAS,0,0,0,0,-75.7467,-13.088
2017-01-27,11,ICA,1104,PALPA,110401,PALPA,00085821,EPIDEMIA DEL DENGUE EN PALPA,EPIDEMIAS,158,0,0,0,-75.1886,-14.5353
2017-03-15,11,ICA,1104,PALPA,110402,LLIPATA,00090689,EPIDEMIA DEL DENGUE EN EL DISTRITO DE LLIPATA,EPIDEMIAS,500,0,0,0,-75.213,-14.5652
2007-04-28,11,ICA,1104,PALPA,110403,RIO GRANDE,00022121,PLAGAS DE ROEDORES EN RIO GRANDE,PLAGAS,0,0,0,0,-75.1446,-14.3682
2007-01-15,11,ICA,1104,PALPA,110405,TIBILLO,00022370,PLAGA DE ROEDORES AFECTA TIBILLO,PLAGAS,0,0,0,0,-75.1752,-14.0935
2013-05-09,12,JUNIN,1203,CHANCHAMAYO,120301,CHANCHAMAYO,00058500,PLAGA DE ROYA AMARILLA AFECTA CULTIVO DE CAFE EN EL DIS,PLAGAS,0,0,0,0,-75.3292,-11.0559
2014-10-03,12,JUNIN,1203,CHANCHAMAYO,120301,CHANCHAMAYO,00066686,ROYA AMARILLA DEL CAFETO AFECTA EL DISTRITO DE CHANCHAM,PLAGAS,0,0,0,0,-75.3149,-10.9542
2015-09-09,12,JUNIN,1203,CHANCHAMAYO,120301,CHANCHAMAYO,00076698,EN LA REGION DE JUNIN PROVINCIA DE CHANCHAMAYO SE VIENE,EPIDEMIAS,401,0,3,0,-75.3292,-11.0559
2013-05-09,12,JUNIN,1203,CHANCHAMAYO,120302,PERENE,00058674,PLAGA DE ROYA AMARILLA AFECTA CULTIVO DE CAFE EN EL AMB,PLAGAS,0,0,0,0,-75.2262,-10.951
2014-10-03,12,JUNIN,1203,CHANCHAMAYO,120302,PERENE,00066688,ROYA AMARILLA DEL CAFETO AFECTA EL DISTRITO DE PERENE,PLAGAS,0,0,0,0,-75.2262,-10.951
2013-05-09,12,JUNIN,1203,CHANCHAMAYO,120303,PICHANAQUI,00058677,PLAGA LA ROYA AMARILLA AFECTA CULTIVOS DE CAFÉ EN EL AM,PLAGAS,0,0,0,0,-74.8729,-10.9303
2014-10-03,12,JUNIN,1203,CHANCHAMAYO,120303,PICHANAQUI,00066675,ROYA AMARILLA DEL CAFETO AFECTA EL DISTRITO DE PICHANAQ,PLAGAS,0,0,0,0,-74.8729,-10.9303
2013-05-09,12,JUNIN,1203,CHANCHAMAYO,120304,SAN LUIS DE SHUARO,00058679,PLAGA LA ROYA AMARILLA AFECTA CULTIVO DE CAFE EN LOS CE,PLAGAS,0,0,0,0,-75.2915,-10.8889
2014-10-03,12,JUNIN,1203,CHANCHAMAYO,120304,SAN LUIS DE SHUARO,00066690,ROYA MARILLA DEL CAFETO AFECTA EL DISTRITO DE SAN LUIS,PLAGAS,0,0,0,0,-75.2915,-10.8889
2013-05-09,12,JUNIN,1203,CHANCHAMAYO,120305,SAN RAMON,00058680,PLAGA LA ROYA AMARILLA AFECTA CULTIVO DE CAFE EN EL LOS,PLAGAS,0,0,0,0,-75.356,-11.122
2014-10-03,12,JUNIN,1203,CHANCHAMAYO,120305,SAN RAMON,00066691,ROYA MARILLA DEL CAFETO AFECTA EL DISTRITO DE SAN RAMON,PLAGAS,0,0,0,0,-75.356,-11.122
2013-05-09,12,JUNIN,1203,CHANCHAMAYO,120306,VITOC,00058682,PLAGA LA ROYA AMARILLA AFECTA CULTIVO DE CAFE EN LOS CE,PLAGAS,0,0,0,0,-75.3372,-11.2084
2014-10-03,12,JUNIN,1203,CHANCHAMAYO,120306,VITOC,00066693,ROYA MARILLA DEL CAFETO AFECTA EL DISTRITO DE VITOC,PLAGAS,0,0,0,0,-75.3372,-11.2084
2013-05-09,12,JUNIN,1204,JAUJA,120419,MONOBAMBA,00058683,PLAGA LA ROYA AMARILLA AFECTA CULTIVO DE CAFE EN LOS CE,PLAGAS,0,0,0,0,-75.3266,-11.3575
2014-10-03,12,JUNIN,1204,JAUJA,120419,MONOBAMBA,00066703,ROYA MARILLA DEL CAFETO AFECTA EL DISTRITO DE MONOBAMBA,PLAGAS,0,0,0,0,-75.3266,-11.3575
2013-04-01,12,JUNIN,1205,JUNIN,120504,ULCUMAYO,00058705,PLAGA DE LA ROYA AMARILLA AFECTA CULTIVO DE CAFE EN EL,PLAGAS,0,0,0,0,-75.533,-10.7452
2013-05-23,12,JUNIN,1206,SATIPO,120601,SATIPO,00058685,PLAGA LA ROYA AMARILLA AFECTA CULTIVO DE CAFE EN LOS CE,PLAGAS,0,0,0,0,-74.6386,-11.2492
2014-10-03,12,JUNIN,1206,SATIPO,120601,SATIPO,00066694,ROYA MARILLA DEL CAFETO AFECTA EL DISTRITO DE SATIPO,PLAGAS,0,0,0,0,-74.6386,-11.2492
2013-05-23,12,JUNIN,1206,SATIPO,120602,COVIRIALI,00058688,PLAGA LA ROYA AMARILLA AFECTA CULTIVO DE CAFE EN LOS CE,PLAGAS,0,0,0,0,-74.6316,-11.2918
2014-10-03,12,JUNIN,1206,SATIPO,120602,COVIRIALI,00066695,ROYA MARILLA DEL CAFETO AFECTA EL DISTRITO DE COVIRIALE,PLAGAS,0,0,0,0,-74.6316,-11.2918
2013-05-23,12,JUNIN,1206,SATIPO,120603,LLAYLLA,00058690,PLAGA LA ROYA AMARILLA AFECTA CULTIVO DE CAFE EN LOS CE,PLAGAS,0,0,0,0,-74.5916,-11.3806
2014-10-03,12,JUNIN,1206,SATIPO,120603,LLAYLLA,00066696,ROYA MARILLA DEL CAFETO AFECTA EL DISTRITO DE LLAYLLA,PLAGAS,0,0,0,0,-74.5916,-11.3806
2013-05-23,12,JUNIN,1206,SATIPO,120604,MAZAMARI,00058693,PLAGA LA ROYA AMARILLA AFECTA CULTIVO DE CAFE EN LOS PO,PLAGAS,0,0,0,0,-74.5328,-11.3289
2014-10-03,12,JUNIN,1206,SATIPO,120604,MAZAMARI,00066697,ROYA MARILLA DEL CAFETO AFECTA EL DISTRITO DE MAZAMARI,PLAGAS,0,0,0,0,-74.5328,-11.3289
2013-05-23,12,JUNIN,1206,SATIPO,120605,PAMPA HERMOSA,00058694,PLAGA LA ROYA AMARILLA AFECTA CULTIVO DE CAFE EN LOS CE,PLAGAS,0,0,0,0,-74.7541,-11.4027
2014-10-03,12,JUNIN,1206,SATIPO,120605,PAMPA HERMOSA,00066698,ROYA MARILLA DEL CAFETO AFECTA EL DISTRITO DE PAMPA HER,PLAGAS,0,0,0,0,-74.7541,-11.4027
2013-05-23,12,JUNIN,1206,SATIPO,120606,PANGOA,00058695,PLAGA LA ROYA AMARILLA AFEFTA CULTIVO DE CAFE EN LOS CE,PLAGAS,0,0,0,0,-74.4922,-11.4291
2014-10-03,12,JUNIN,1206,SATIPO,120606,PANGOA,00066699,ROYA MARILLA DEL CAFETO AFECTA EL DISTRITO DE SAN MARTI,PLAGAS,0,0,0,0,-74.4922,-11.4291
2013-05-23,12,JUNIN,1206,SATIPO,120607,RIO NEGRO,00058696,PLAGA LA ROYA AMARILLA AFECTA CULTIVO,PLAGAS,0,0,0,0,-74.6634,-11.21
2014-10-03,12,JUNIN,1206,SATIPO,120607,RIO NEGRO,00066700,ROYA MARILLA DEL CAFETO AFECTA EL DISTRITO DE RIO NEGRO,PLAGAS,0,0,0,0,-74.6634,-11.21
2013-05-23,12,JUNIN,1206,SATIPO,120608,RIO TAMBO,00058697,PLAGA LA ROYA AMARILLA AFECTA CULTIVO DE CAFE EN CENTRO,PLAGAS,0,0,0,0,-74.3102,-11.147
2014-10-03,12,JUNIN,1206,SATIPO,120608,RIO TAMBO,00066701,ROYA MARILLA DEL CAFETO AFECTA EL DISTRITO DE RIO TAMBO,PLAGAS,0,0,0,0,-74.3102,-11.147
2007-02-05,13,LA LIBERTAD,1301,TRUJILLO,130102,EL PORVENIR,00019582,DENGUE CLASICO Y HEMORRAGICO,EPIDEMIAS,340,0,2,0,-79.0027,-8.08213
2007-02-05,13,LA LIBERTAD,1301,TRUJILLO,130103,FLORENCIA DE MORA,00021732,DENGUE CLASICO Y HEMORRAGICO,EPIDEMIAS,21,0,0,0,-79.0236,-8.08095
2007-02-05,13,LA LIBERTAD,1301,TRUJILLO,130104,HUANCHACO,00021731,DENGUE CLASICO Y HEMORRAGICO,EPIDEMIAS,1,0,0,0,-79.0676,-8.02556
2007-02-05,13,LA LIBERTAD,1301,TRUJILLO,130105,LA ESPERANZA,00021729,DENGUE CLASICO Y HEMORRAGICO,EPIDEMIAS,6,0,0,0,-79.0454,-8.07822
2008-01-12,14,LAMBAYEQUE,1401,CHICLAYO,140108,MONSEFU,00024751,EPIDEMIA DE ANTRAX EN EL DISTRITO DE MONSEFU DEPARTAMEN,EPIDEMIAS,0,0,1,0,-79.8909,-6.86037
2008-11-03,14,LAMBAYEQUE,1401,CHICLAYO,140110,OYOTUN,00030295,PLAGA DE ROEDORES  EN DISTRITO DE OYOTUN  PROV. DE CHIC,PLAGAS,0,0,0,0,-79.305,-6.84699
2004-03-05,14,LAMBAYEQUE,1401,CHICLAYO,140115,SAÑA,00005350,REBROTE DEL DENGUE CLASICO - ZAÑA,EPIDEMIAS,8,0,0,0,-79.6051,-6.90704
2004-04-06,14,LAMBAYEQUE,1401,CHICLAYO,140116,CAYALTI,00005299,REBROTE DEL DENGUE CLASICO - CAYALTI,EPIDEMIAS,112,0,0,0,-79.5642,-6.89259
2004-01-16,14,LAMBAYEQUE,1401,CHICLAYO,140117,PATAPO,00003637,REBROTE DEL DENGUE CLASICO,EPIDEMIAS,38,0,0,0,-79.6291,-6.74522
2004-01-17,14,LAMBAYEQUE,1401,CHICLAYO,140119,PUCALA,00004345,CASOS DE EPIDEMIA DE DENGUE CLASICO - PUCALA,EPIDEMIAS,3,0,0,0,-79.6131,-6.78169
2004-01-19,14,LAMBAYEQUE,1401,CHICLAYO,140120,TUMAN,00004344,CASOS DE DENGUE CLASICO EN TUMAN,EPIDEMIAS,4,0,0,0,-79.708,-6.75068
2006-01-25,14,LAMBAYEQUE,1401,CHICLAYO,140120,TUMAN,00019126,EPIDEMIA (DENGUE)  DISTRITO DE TUMAN PROVICIA DE CHICLA,EPIDEMIAS,1,0,0,0,-79.708,-6.75068
2013-08-05,14,LAMBAYEQUE,1402,FERREÑAFE,140202,CAÑARIS,00060219,PLAGA DE LA ROYA AMARILLA AFECTA A LOS CPM HUACAPAMPA Y,PLAGAS,3000,0,0,0,-79.1993,-6.0879200000000004
2015-12-30,14,LAMBAYEQUE,1403,LAMBAYEQUE,140301,LAMBAYEQUE,00076728,AFECTACION DEL DENGUE EN LA REGION LAMBAYEQUE,EPIDEMIAS,632,0,0,0,-79.949,-6.71271
2014-10-27,14,LAMBAYEQUE,1403,LAMBAYEQUE,140305,MOCHUMI,00067063,CERCA DE 200 NIÑOS SE INTOXICAN CON ALIMENTO DE QALI WA,OTROS FENOMENOS DE ORIGEN BIOL,138,0,0,0,-79.8682,-6.54727
2015-05-29,15,LIMA,1501,LIMA,150101,LIMA,00076726,EPIDEMIA DE DENGUE EN LA REGION LIMA,EPIDEMIAS,9,0,0,0,-77.0323,-12.0466
2005-04-15,15,LIMA,1501,LIMA,150110,COMAS,00009708,BROTE DE DENGUE CLÁSICO EN COMAS,EPIDEMIAS,163,0,0,0,-77.0501,-11.9501
2005-04-15,15,LIMA,1501,LIMA,150112,INDEPENDENCIA,00010101,BROTE DE DENGUE CLÁSICO EN INDEPENDENCIA,EPIDEMIAS,4,0,0,0,-77.0595,-11.9895
2014-07-09,15,LIMA,1501,LIMA,150112,INDEPENDENCIA,00066493,ANIEGO EN AAHH DOMINGO DE RAMOS  TAHUANTINSUYO,OTROS FENOMENOS DE ORIGEN BIOL,6,0,0,0,-77.0595,-11.9895
2005-04-15,15,LIMA,1501,LIMA,150117,LOS OLIVOS,00010104,BROTE DE DENGUE CLÁSICO EN LOS OLIVOS,EPIDEMIAS,1,0,0,0,-77.0667,-11.9833
2005-04-15,15,LIMA,1501,LIMA,150128,RIMAC,00010103,BROTE DE DENGUE CLÁSICO EN RIMAC,EPIDEMIAS,4,0,0,0,-77.0437,-12.0296
2003-09-01,15,LIMA,1503,CAJATAMBO,150302,COPA,00001676,INTOXICACION ALIMENTARIA EN LA COPA - CAJATAMBO - LIMA,OTROS FENOMENOS DE ORIGEN BIOL,15,0,1,0,-77.0818,-10.3879
2012-11-21,16,LORETO,1601,MAYNAS,160101,IQUITOS,00055209,DENGUE EN LA CIUDAD DE IQUITOS,EPIDEMIAS,0,0,1,0,-73.2621,-3.74993
2013-08-11,16,LORETO,1601,MAYNAS,160101,IQUITOS,00059610,INFLUENZA  AH1N1,EPIDEMIAS,0,0,1,0,-73.2621,-3.74993
2013-08-14,16,LORETO,1601,MAYNAS,160101,IQUITOS,00059619,INFLUENZA AH1N1,EPIDEMIAS,0,0,1,0,-73.2621,-3.74993
2015-10-30,16,LORETO,1601,MAYNAS,160101,IQUITOS,00076694,PRESENCIA DE EPIDEMIA DE DENGUE Y CHIKUNGUNYA WEN LA RE,EPIDEMIAS,1201,0,1,0,-73.2621,-3.74993
2012-06-11,16,LORETO,1601,MAYNAS,160112,BELEN,00055219,DENGUE EN EL DISTRITO DE BELEN,EPIDEMIAS,0,0,3,0,-73.2446,-3.76456
2012-01-13,16,LORETO,1604,M. R. CASTILLA,160401,RAMON CASTILLA,00055221,DENGUE EN LA LOCALIDAD DE CABALLO COCHA DISTRITO DE R,EPIDEMIAS,0,0,1,0,-70.5194,-3.90974
2006-08-30,16,LORETO,1606,UCAYALI,160602,INAHUAYA,00017630,INTOXICACION MASIVA POR PARRILLADA EN MAL ESTADO LOC IN,OTROS FENOMENOS DE ORIGEN BIOL,428,0,0,0,-75.2668,-7.11644
2016-01-27,16,LORETO,1607,DATEM DEL MARAÑON,160704,MORONA,00074817,BROTE DE RABIA AFECTA A POBLADORES DE LA LOCALIDAD DE Y,OTROS FENOMENOS DE ORIGEN BIOL,9,0,5,0,-77.2647,-2.92234
2010-12-01,17,MADRE DE DIOS,1701,TAMBOPATA,170101,TAMBOPATA,00041370,DENGUE Y MALARIA AFECTAN EL DEPARTAMENTO DE MADRE DE DI,EPIDEMIAS,3572,0,0,0,-69.1876,-12.5974
2015-05-29,17,MADRE DE DIOS,1701,TAMBOPATA,170101,TAMBOPATA,00076693,EPIDEMIA DE DENGUE EN LA REGION MADRE DE DIOS,EPIDEMIAS,570,0,8,0,-69.1876,-12.5974
2016-05-25,17,MADRE DE DIOS,1701,TAMBOPATA,170101,TAMBOPATA,00076760,DENGUE EN MADRE DE DIOS  TAMBOPATA,EPIDEMIAS,154,0,0,0,-69.1876,-12.5974
2018-08-25,17,MADRE DE DIOS,1701,TAMBOPATA,170101,TAMBOPATA,00095469,INTOXICACION POR CONSUMO DE ALIMENTOS,OTROS FENOMENOS DE ORIGEN BIOL,40,0,0,0,-69.1876,-12.5974
2016-05-25,17,MADRE DE DIOS,1701,TAMBOPATA,170102,INAMBARI,00076764,DENGUE EN MADRE DE DIOS  INAMBARI,EPIDEMIAS,26,0,0,0,-70.369,-13.0974
2016-05-25,17,MADRE DE DIOS,1701,TAMBOPATA,170103,LAS PIEDRAS,00076763,DENGUE EN MADRE DE DIOS  LAS PIEDRAS,EPIDEMIAS,41,0,0,0,-69.1536,-12.2782
2016-05-25,17,MADRE DE DIOS,1702,MANU,170203,MADRE DE DIOS,00076765,DENGUE EN REGION MADRE DE DIOS DISTRITO MADRE DE DIOS,EPIDEMIAS,22,0,0,0,-70.0786,-12.6041
2016-05-25,17,MADRE DE DIOS,1702,MANU,170204,HUEPETUHE,00076768,DENGUE EN REGION MADRE DE DIOS DISTRITO DE HUEPETUHE,EPIDEMIAS,14,0,0,0,-70.5326,-13.004
2016-05-25,17,MADRE DE DIOS,1703,TAHUAMANU,170301,IÑAPARI,00076771,DENGUE EN REGION MADRE DE DIOS DISTRITO IÑAPARI,EPIDEMIAS,1,0,0,0,-69.7285,-10.9713
2016-05-25,17,MADRE DE DIOS,1703,TAHUAMANU,170302,IBERIA,00076766,DENGUE EN REGION MADRE DE DIOS DISTRITO DE IBERIA,EPIDEMIAS,15,0,0,0,-69.5447,-11.3931
2016-05-25,17,MADRE DE DIOS,1703,TAHUAMANU,170303,TAHUAMANU,00076767,DENGUE EN REGION MADRE DE DIOS DISTRITO TAHUAMANU,EPIDEMIAS,15,0,0,0,-69.3241,-11.4556
2014-09-10,19,PASCO,1903,OXAPAMPA,190301,OXAPAMPA,00066754,BROCA DE CAFE ROYA AMARILLA Y OTRAS ENFERMEDADES DEL CU,PLAGAS,0,0,0,0,-75.407,-10.5781
2014-10-03,19,PASCO,1903,OXAPAMPA,190302,CHONTABAMBA,00066848,ROYA AMARILLA DEL CAFETO AFECTA EL DISTRITO DE CHONTABA,PLAGAS,0,0,0,0,-75.4779,-10.595
2014-09-10,19,PASCO,1903,OXAPAMPA,190303,HUANCABAMBA,00066753,BROCA DE CAFE ROYA AMARILLA Y OTRAS ENFERMEDADES DEL CU,PLAGAS,0,0,0,0,-75.5548,-10.3754
2014-09-10,19,PASCO,1903,OXAPAMPA,190305,POZUZO,00066755,BROCA DE CAFE ROYA AMARILLA Y OTRAS ENFERMEDADES DEL CU,PLAGAS,0,0,0,0,-75.5608,-10.0652
2014-09-10,19,PASCO,1903,OXAPAMPA,190306,PUERTO BERMUDEZ,00066756,BROCA DE CAFE ROYA AMARILLA Y OTRAS ENFERMEDADES DEL CU,PLAGAS,0,0,0,0,-74.9353,-10.3072
2014-09-10,19,PASCO,1903,OXAPAMPA,190307,VILLA RICA,00066757,BROCA DE CAFE ROYA AMARILLA Y OTRAS ENFERMEDADES DEL CU,PLAGAS,0,0,0,0,-75.2724,-10.7364
2015-04-23,19,PASCO,1903,OXAPAMPA,190308,CONSTITUCION,00076704,DENGUE,EPIDEMIAS,17,0,0,0,-74.9983,-9.85824
2016-05-09,19,PASCO,1903,OXAPAMPA,190308,CONSTITUCION,00076700,DENGUE,EPIDEMIAS,32,0,0,0,-74.9983,-9.85824
2008-07-01,20,PIURA,2001,PIURA,200101,PIURA,00028716,CASOS DE DENGUE EN EL DEPARTAMENTO DE PIURA,EPIDEMIAS,1471,0,1,0,-80.6297,-5.19598
2010-04-01,20,PIURA,2001,PIURA,200101,PIURA,00038058,DENGUE HEMORRAGICO DEJA SU SEGUNDA MUERTE EN LA LOCALID,EPIDEMIAS,958,0,1,0,-80.6297,-5.19598
2010-04-16,20,PIURA,2001,PIURA,200101,PIURA,00038271,DECLARATORIA DE ALERTA ROJA  REGIONAL POR 90 DÍAS PARA,EPIDEMIAS,77,0,1,2230,-80.6297,-5.19598
2014-03-05,20,PIURA,2001,PIURA,200104,CASTILLA,00064371,EMERGENCIA POR LA EPIDEMIA DEL DENGUE,EPIDEMIAS,125,0,2,0,-80.6263,-5.21154
2014-10-17,20,PIURA,2001,PIURA,200114,TAMBO GRANDE,00067578,DENGUE EN TAMBOGRANDE,EPIDEMIAS,10825,0,0,0,-80.3443,-4.93323
2014-10-03,20,PIURA,2002,AYABACA,200201,AYABACA,00066659,ROYA AMARILLA DEL CAFETO AFECTA EL DISTRITO DE AYABACA,PLAGAS,0,0,0,0,-79.7185,-4.64064
2014-10-03,20,PIURA,2002,AYABACA,200202,FRIAS,00066660,ROYA AMARILLA DEL CAFETO AFECTA EL DISTRITO DE FRIAS,PLAGAS,0,0,0,0,-79.9494,-4.93158
2014-10-03,20,PIURA,2002,AYABACA,200203,JILILI,00066662,ROYA AMARILLA DEL CAFETO AFECTA EL DISTRITO DE JILILI,PLAGAS,0,0,0,0,-79.799,-4.58576
2014-10-03,20,PIURA,2002,AYABACA,200205,MONTERO,00066663,ROYA AMARILLA DEL CAFETO AFECTA EL DISTRITO DE MONTERO,PLAGAS,0,0,0,0,-79.8305,-4.63075
2014-10-03,20,PIURA,2002,AYABACA,200206,PACAIPAMPA,00066658,ROYA AMARILLA DEL CAFETO AFECTA EL DISTRITO DE PACAIPAM,PLAGAS,0,0,0,0,-79.6712,-4.99524
2014-10-03,20,PIURA,2002,AYABACA,200208,SAPILLICA,00066664,ROYA AMARILLA DEL CAFETO AFECTA EL DISTRITO DE SAPILLI,PLAGAS,0,0,0,0,-79.9853,-4.77887
2014-10-03,20,PIURA,2002,AYABACA,200209,SICCHEZ,00066655,ROYA AMARILLA DEL CAFETO AFECTA EL DISTRITO DE SICCHEZ,PLAGAS,0,0,0,0,-79.766,-4.56987
2014-10-03,20,PIURA,2002,AYABACA,200210,SUYO,00066665,ROYA AMARILLA DEL CAFETO AFECTA EL DISTRITO DE SUYO,PLAGAS,0,0,0,0,-80.006,-4.51458
2014-10-03,20,PIURA,2003,HUANCABAMBA,200302,CANCHAQUE,00066674,ROYA AMARILLA DEL CAFETO AFECTA EL DISTRITO DE CANCHAQU,PLAGAS,0,0,0,0,-79.6088,-5.37662
2011-09-22,20,PIURA,2003,HUANCABAMBA,200303,EL C. DE LA FRONTERA,00046983,BROTES DE BARTONELA Y UTA AFACTAN LA SALUD DE POBLADORE,EPIDEMIAS,91,0,2,0,-79.4336,-5.15078
2014-10-03,20,PIURA,2003,HUANCABAMBA,200303,EL C. DE LA FRONTERA,00066676,ROYA AMARILLA DEL CAFETO AFECTA EL DISTRITO DE EL CARME,PLAGAS,0,0,0,0,-79.4336,-5.15078
2014-10-03,20,PIURA,2003,HUANCABAMBA,200304,HUARMACA,00066677,ROYA AMARILLA DEL CAFETO AFECTA EL DISTRITO DE HUARMACA,PLAGAS,0,0,0,0,-79.5276,-5.56842
2014-10-03,20,PIURA,2003,HUANCABAMBA,200305,LALAQUIZ,00066680,ROYA AMARILLA DEL CAFETO AFECTA EL DISTRITO DE  LALAQUI,PLAGAS,0,0,0,0,-79.6823,-5.21375
2014-10-03,20,PIURA,2003,HUANCABAMBA,200306,S. M. DE EL FAIQUE,00066678,ROYA AMARILLA DEL CAFETO AFECTA EL DISTRITO DE SAN MIG,PLAGAS,0,0,0,0,-79.6077,-5.40176
2014-10-03,20,PIURA,2003,HUANCABAMBA,200307,SONDOR,00066679,ROYA AMARILLA DEL CAFETO AFECTA EL DISTRITO DE SONDOR,PLAGAS,0,0,0,0,-79.4109,-5.31562
2014-10-03,20,PIURA,2004,MORROPON,200403,CHALACO,00066681,ROYA AMARILLA DEL CAFETO AFECTA EL DISTRITO DE CHALACO,PLAGAS,0,0,0,0,-79.798,-5.04326
2014-10-03,20,PIURA,2004,MORROPON,200408,STA. C. DE MOSSA,00066682,ROYA AMARILLA DEL CAFETO AFECTA EL DISTRITO DE SANTA CA,PLAGAS,0,0,0,0,-79.8874,-5.10307
2014-10-03,20,PIURA,2004,MORROPON,200409,SANTO DOMINGO,00066683,ROYA AMARILLA DEL CAFETO AFECTA EL DISTRITO DE SANTO D,PLAGAS,0,0,0,0,-79.878,-5.03022
2014-10-03,20,PIURA,2004,MORROPON,200410,YAMANGO,00066685,ROYA AMARILLA DEL CAFETO AFECTA EL DISTRITO DE YAMANGO,PLAGAS,0,0,0,0,-79.753,-5.18162
2003-04-07,20,PIURA,2006,SULLANA,200601,SULLANA,00001008,AUMENTO DE CASOS DE DENGUE - SULLANA - PIURA,EPIDEMIAS,801,0,0,0,-80.691,-4.89196
2008-01-05,20,PIURA,2006,SULLANA,200601,SULLANA,00025654,CASOS DE MALARIA EN SULLANA  PIURA,EPIDEMIAS,268,0,0,0,-80.691,-4.89196
2012-09-11,20,PIURA,2006,SULLANA,200601,SULLANA,00054042,INTOXICACION AGUDA CON INGESTA ALIMENTICIA,OTROS FENOMENOS DE ORIGEN BIOL,293,0,0,0,-80.691,-4.89196
2013-04-12,20,PIURA,2006,SULLANA,200601,SULLANA,00057800,ALERTA AMARILLA POR PRESENCIA DE DENGUE EN LA PROVINCIA,EPIDEMIAS,1761,0,2,0,-80.691,-4.89196
2008-01-05,20,PIURA,2007,TALARA,200701,PARIÑAS,00029246,CASOS DE MALARIA EN PARIÑAS,EPIDEMIAS,268,0,0,0,-81.2748,-4.58135
2016-02-15,20,PIURA,2008,SECHURA,200805,VICE,00075665,BROTE EPIDEMICO DEL DENGUE CASERIO BECARA VICE,EPIDEMIAS,43,0,0,0,-80.8084,-5.45243
2016-02-16,20,PIURA,2008,SECHURA,200805,VICE,00075673,BROTE EPIDEMICO DEL DENGUE EN VICE,EPIDEMIAS,8,0,0,0,-80.78,-5.42373
2016-02-20,20,PIURA,2008,SECHURA,200805,VICE,00075672,BROTE EPIDEMICO DEL DENGUE CASERIO LETIRA,EPIDEMIAS,14,0,0,0,-80.8051,-5.43775
2016-03-20,20,PIURA,2008,SECHURA,200805,VICE,00075994,PLAGA DE MOSCAS,PLAGAS,105,0,0,0,-80.7613,-5.40855
2016-03-22,20,PIURA,2008,SECHURA,200805,VICE,00075943,PROPAGACION DE MOSCAS,PLAGAS,0,0,0,0,-80.78,-5.42373
2016-03-25,20,PIURA,2008,SECHURA,200805,VICE,00076061,PLAGA DE MOSCAS,PLAGAS,517,0,0,0,-80.8084,-5.45243
2016-03-28,20,PIURA,2008,SECHURA,200805,VICE,00076082,PLAGA DE MOSCAS,PLAGAS,613,0,0,0,-80.8051,-5.43775
2016-03-30,20,PIURA,2008,SECHURA,200805,VICE,00076127,PLAGA DE MOSCAS,PLAGAS,62,0,0,0,-80.7756,-5.44179
2016-03-31,20,PIURA,2008,SECHURA,200805,VICE,00076138,PLAGA DE MOSCAS,PLAGAS,13,0,0,0,-80.7832,-5.43225
2016-04-01,20,PIURA,2008,SECHURA,200805,VICE,00076143,PLAGA DE MOSCAS,PLAGAS,337,0,0,0,-80.9806,-5.38849
2017-02-10,20,PIURA,2008,SECHURA,200805,VICE,00081914,PLAGA DE MOSCAS,PLAGAS,2571,0,0,0,-80.78,-5.42373
2014-10-03,21,PUNO,2103,CARABAYA,210303,AYAPATA,00066643,ROYA AMARILLA DEL CAFETO AFECTA A CULTIVOS DEL CAFE EN,PLAGAS,0,0,0,0,-70.325,-13.7782
2012-02-15,21,PUNO,2112,SANDIA,211201,SANDIA,00049930,EPIDEMIA DE FIEBRE AMARILLA DISTRITO DE SANDIA PROVINCI,EPIDEMIAS,60,0,3,0,-69.4652,-14.3233
2014-10-03,21,PUNO,2112,SANDIA,211201,SANDIA,00066514,ROYA AMARILLA DEL CAFETO AFECTA EL DISTRITO DE SANDIA,PLAGAS,0,0,0,0,-69.4652,-14.3233
2014-10-03,21,PUNO,2112,SANDIA,211207,S. JUAN DEL ORO,00066641,ROYA AMARILLA DEL CAFETO AFECTA A CULTIVOS DEL CAFE EN,PLAGAS,0,0,0,0,-69.1543,-14.2229
2013-03-28,21,PUNO,2112,SANDIA,211208,YANAHUAYA,00058432,PLAGA ROYA HEMILEIA VASTATRIX EN EL CULTIVO DEL CAFE DI,PLAGAS,0,0,0,0,-69.1711,-14.2593
2014-10-03,21,PUNO,2112,SANDIA,211208,YANAHUAYA,00066642,ROYA AMARILLA DEL CAFETO AFECTA A CULTIVOS DEL CAFE EN,PLAGAS,0,0,0,0,-69.1711,-14.2593
2014-10-03,21,PUNO,2112,SANDIA,211209,ALTO INAMBARI,00066638,ROYA AMARILLA DEL CAFETO AFECTA A CULTIVOS DEL CAFE EN,PLAGAS,0,0,0,0,-69.2436,-14.0919
2014-10-03,21,PUNO,2112,SANDIA,211210,SAN PEDRO DE PUTINA PUNCO,00066639,ROYA AMARILLA DEL CAFETO AFECTA A CULTIVOS DEL CAFE EN,PLAGAS,0,0,0,0,-69.0478,-14.1125
2014-10-03,22,SAN MARTIN,2201,MOYOBAMBA,220101,MOYOBAMBA,00066910,ROYA AMARILLA DEL CAFETO AFECTA EL DISTRITO DE MOYOBAMB,PLAGAS,0,0,0,0,-76.9725,-6.03309
2014-10-03,22,SAN MARTIN,2201,MOYOBAMBA,220102,CALZADA,00066904,ROYA AMARILLA DEL CAFETO AFECTA EL DISTRITO DE CALZADA,PLAGAS,0,0,0,0,-77.0675,-6.03197
2014-10-03,22,SAN MARTIN,2201,MOYOBAMBA,220103,HABANA,00067040,ROYA AMARILLA DEL CAFETO AFECTA EL DISTRITO DE HABANA,PLAGAS,0,0,0,0,-77.0927,-6.08022
2014-10-03,22,SAN MARTIN,2201,MOYOBAMBA,220104,JEPELACIO,00066909,ROYA AMARILLA DEL CAFETO AFECTA EL DISTRITO DE JEPELACI,PLAGAS,0,0,0,0,-76.919,-6.10885
2014-10-03,22,SAN MARTIN,2201,MOYOBAMBA,220105,SORITOR,00066911,ROYA AMARILLA DEL CAFETO AFECTA EL DISTRITO DE SORITOR,PLAGAS,0,0,0,0,-77.1052,-6.14085
2014-10-03,22,SAN MARTIN,2201,MOYOBAMBA,220106,YANTALO,00066913,ROYA AMARILLA DEL CAFETO AFECTA EL DISTRITO DE YANTALO,PLAGAS,0,0,0,0,-77.0224,-5.97298
2014-10-03,22,SAN MARTIN,2202,BELLAVISTA,220201,BELLAVISTA,00066954,ROYA AMARILLA DEL CAFETO AFECTA EL DISTRITO DE BELLAVIS,PLAGAS,0,0,0,0,-76.5907,-7.05936
2014-10-03,22,SAN MARTIN,2202,BELLAVISTA,220202,ALTO BIAVO,00066952,ROYA AMARILLA DEL CAFETO AFECTA EL DISTRITO DE ALTO BIA,PLAGAS,0,0,0,0,-76.4787,-7.25977
2014-10-03,22,SAN MARTIN,2202,BELLAVISTA,220203,BAJO BIAVO,00066953,ROYA AMARILLA DEL CAFETO AFECTA EL DISTRITO DE BAJO BIA,PLAGAS,0,0,0,0,-76.4739,-7.10127
2014-10-03,22,SAN MARTIN,2202,BELLAVISTA,220204,HUALLAGA,00066955,ROYA AMARILLA DEL CAFETO AFECTA EL DISTRITO DE HUALLAGA,PLAGAS,0,0,0,0,-76.6524,-7.12869
2014-10-03,22,SAN MARTIN,2202,BELLAVISTA,220205,SAN PABLO,00066956,ROYA AMARILLA DEL CAFETO AFECTA EL DISTRITO DE SAN PAB,PLAGAS,0,0,0,0,-76.5766,-6.81542
2014-10-03,22,SAN MARTIN,2203,EL DORADO,220301,SAN JOSE DE SISA,00066919,ROYA AMARILLA DEL CAFETO AFECTA EL DISTRITO DE SAN JOS,PLAGAS,0,0,0,0,-76.6973,-6.61796
2014-10-03,22,SAN MARTIN,2203,EL DORADO,220302,AGUA BLANCA,00066915,ROYA AMARILLA DEL CAFETO AFECTA EL DISTRITO DE AGUA BLA,PLAGAS,0,0,0,0,-76.6983,-6.72492
2014-10-03,22,SAN MARTIN,2203,EL DORADO,220303,SAN MARTIN,00066922,ROYA AMARILLA DEL CAFETO AFECTA EL DISTRITO DE SAN MART,PLAGAS,0,0,0,0,-76.7411,-6.51335
2014-10-03,22,SAN MARTIN,2203,EL DORADO,220304,SANTA ROSA,00066923,ROYA AMARILLA DEL CAFETO AFECTA EL DISTRITO DE SANTA RO,PLAGAS,0,0,0,0,-76.6264,-6.74563
2014-10-03,22,SAN MARTIN,2203,EL DORADO,220305,SHATOJA,00066924,ROYA AMARILLA DEL CAFETO AFECTA EL DISTRITO DE SHATOJA,PLAGAS,0,0,0,0,-76.7212,-6.52839
2014-10-03,22,SAN MARTIN,2204,HUALLAGA,220401,SAPOSOA,00066965,ROYA AMARILLA DEL CAFETO AFECTA EL DISTRITO DE SAPOSOA,PLAGAS,0,0,0,0,-76.7734,-6.93415
2014-10-03,22,SAN MARTIN,2204,HUALLAGA,220402,ALTO SAPOSOA,00066958,ROYA AMARILLA DEL CAFETO AFECTA EL DISTRITO DE ALTO SA,PLAGAS,0,0,0,0,-76.8175,-6.76612
2014-10-03,22,SAN MARTIN,2204,HUALLAGA,220403,EL ESLABON,00066959,ROYA AMARILLA DEL CAFETO AFECTA EL DISTRITO DE EL ESLAB,PLAGAS,0,0,0,0,-76.7255,-7.02273
2014-10-03,22,SAN MARTIN,2204,HUALLAGA,220404,PISCOYACU,00066961,ROYA AMARILLA DEL CAFETO AFECTA EL DISTRITO DE PISCUYAC,PLAGAS,0,0,0,0,-76.7713,-6.98079
2014-10-12,22,SAN MARTIN,2204,HUALLAGA,220405,SACANCHE,00066962,ROYA AMARILLA DEL CAFETO AFECTA EL DISTRITO DE SACANCHE,PLAGAS,0,0,0,0,-76.7173,-7.07093
2014-10-03,22,SAN MARTIN,2205,LAMAS,220501,LAMAS,00066936,ROYA AMARILLA DEL CAFETO AFECTA EL DISTRITO DE LAMAS,PLAGAS,0,0,0,0,-76.5213,-6.42169
2014-10-03,22,SAN MARTIN,2205,LAMAS,220502,A.DE ALVARADO,00066934,ROYA AMARILLA DEL CAFETO AFECTA EL DISTRITO DE ALONSO,PLAGAS,0,0,0,0,-76.777,-6.35537
2014-10-03,22,SAN MARTIN,2205,LAMAS,220505,CUÑUMBUQUI,00066935,ROYA AMARILLA DEL CAFETO AFECTA EL DISTRITO DE CUÑUMBUQ,PLAGAS,0,0,0,0,-76.4804,-6.50905
2014-10-03,22,SAN MARTIN,2205,LAMAS,220506,PINTO RECODO,00066937,ROYA AMARILLA DEL CAFETO AFECTA EL DISTRITO DE PINTO RE,PLAGAS,0,0,0,0,-76.6033,-6.37968
2014-10-03,22,SAN MARTIN,2205,LAMAS,220507,RUMISAPA,00066939,ROYA AMARILLA DEL CAFETO AFECTA EL DISTRITO DE RUSMISA,PLAGAS,0,0,0,0,-76.4722,-6.44884
2014-10-03,22,SAN MARTIN,2205,LAMAS,220508,S.ROQUE DE CUMBAZA,00066940,ROYA AMARILLA DEL CAFETO AFECTA EL DISTRITO DE SAN ROQU,PLAGAS,0,0,0,0,-76.4421,-6.38646
2011-02-16,22,SAN MARTIN,2205,LAMAS,220510,TABALOSOS,00043288,EPIDEMIAS ALERTA ROJA VIRUS DENGUE DISTRITO TABALOSOS P,EPIDEMIAS,0,0,0,0,-76.6374,-6.39033
2014-10-03,22,SAN MARTIN,2205,LAMAS,220510,TABALOSOS,00066941,ROYA AMARILLA DEL CAFETO AFECTA EL DISTRITO DE TABALOSO,PLAGAS,0,0,0,0,-76.6374,-6.39033
2014-10-03,22,SAN MARTIN,2205,LAMAS,220511,ZAPATERO,00066942,ROYA AMARILLA DEL CAFETO AFECTA EL DISTRITO DE ZAPATERO,PLAGAS,0,0,0,0,-76.4971,-6.53105
2014-10-03,22,SAN MARTIN,2206,MSCAL CACERES,220602,CAMPANILLA,00066967,ROYA AMARILLA DEL CAFETO AFECTA EL DISTRITO DE CAMPANI,PLAGAS,0,0,0,0,-76.6616,-7.48166
2014-10-03,22,SAN MARTIN,2206,MSCAL CACERES,220603,HUICUNGO,00066969,ROYA AMARILLA DEL CAFETO AFECTA EL DISTRITO DE HUICUNGO,PLAGAS,0,0,0,0,-76.7781,-7.31746
2014-10-03,22,SAN MARTIN,2206,MSCAL CACERES,220604,PACHIZA,00066971,ROYA AMARILLA DEL CAFETO AFECTA EL DISTRITO DE PACHIZA,PLAGAS,0,0,0,0,-76.7741,-7.29776
2010-03-29,22,SAN MARTIN,2207,PICOTA,220702,BUENOS AIRES,00038079,PLAGAS LOCALIDAD SAN ANTONIO DE PAUJILZAPA DISTRITO BUE,PLAGAS,98,0,0,0,-76.4288,-6.78033
2014-10-12,22,SAN MARTIN,2207,PICOTA,220702,BUENOS AIRES,00066944,ROYA AMARILLA DEL CAFETO AFECTA EL DISTRITO DE BUENOS A,PLAGAS,0,0,0,0,-76.3297,-6.79283
2014-10-03,22,SAN MARTIN,2207,PICOTA,220704,PILLUANA,00066946,ROYA AMARILLA DEL CAFETO AFECTA EL DISTRITO DE PILLUANA,PLAGAS,0,0,0,0,-76.2932,-6.77821
2014-10-03,22,SAN MARTIN,2207,PICOTA,220709,TINGO DE PONASA,00066949,ROYA AMARILLA DEL CAFETO AFECTA EL DISTRITO DE TINGO DE,PLAGAS,0,0,0,0,-76.2568,-6.93664
2014-10-03,22,SAN MARTIN,2207,PICOTA,220710,TRES UNIDOS,00066951,ROYA AMARILLA DEL CAFETO AFECTA EL DISTRITO DE TRES UNI,PLAGAS,0,0,0,0,-76.2356,-6.80701
2014-10-03,22,SAN MARTIN,2208,RIOJA,220801,RIOJA,00066900,ROYA AMARILLA DEL CAFETO AFECTA EL DISTRITO DE RIOJA,PLAGAS,0,0,0,0,-77.1708,-6.06229
2014-10-03,22,SAN MARTIN,2208,RIOJA,220802,AWAJUN,00066893,ROYA AMARILLA DEL CAFETO AFECTA EL DISTRITO DE AWAJUN,PLAGAS,0,0,0,0,-77.4719,-5.69828
2014-10-03,22,SAN MARTIN,2208,RIOJA,220803,E. SOPLIN VARGAS,00066895,ROYA AMARILLA DEL CAFETO AFECTA EL DISTRITO DE ELIAS SO,PLAGAS,0,0,0,0,-77.2813,-5.98932
2014-10-03,22,SAN MARTIN,2208,RIOJA,220804,NUEVA CAJAMARCA,00066896,ROYA AMARILLA DEL CAFETO AFECTA EL DISTRITO DE NUEVA CA,PLAGAS,0,0,0,0,-77.3122,-5.94142
2014-10-03,22,SAN MARTIN,2208,RIOJA,220805,PARDO MIGUEL,00066898,ROYA AMARILLA DEL CAFETO AFECTA EL DISTRITO DE PARDO M,PLAGAS,0,0,0,0,-77.4979,-5.74575
2014-10-03,22,SAN MARTIN,2208,RIOJA,220806,POSIC,00066899,ROYA AMARILLA DEL CAFETO AFECTA EL DISTRITO DE POSIC,PLAGAS,0,0,0,0,-77.1666,-6.01514
2014-10-03,22,SAN MARTIN,2208,RIOJA,220808,YORONGOS,00066901,ROYA AMARILLA DEL CAFETO AFECTA EL DISTRITO DE  YORONGO,PLAGAS,0,0,0,0,-77.1469,-6.14002
2015-05-29,22,SAN MARTIN,2209,SAN MARTIN,220901,TARAPOTO,00076711,EPIDEMIA DE DENGUE EN LA REGION SAN MARTIN,EPIDEMIAS,158,0,0,0,-76.3651,-6.48895
2014-10-03,22,SAN MARTIN,2209,SAN MARTIN,220902,ALBERTO LEVEAU,00066974,ROYA AMARILLA DEL CAFETO AFECTA EL DISTRITO DE CABO AL,PLAGAS,0,0,0,0,-76.2879,-6.66357
2014-10-03,22,SAN MARTIN,2209,SAN MARTIN,220904,CHAZUTA,00066977,ROYA AMARILLA DEL CAFETO AFECTA EL DISTRITO DE CHAZUTA,PLAGAS,0,0,0,0,-76.0904,-6.57347
2011-02-16,22,SAN MARTIN,2209,SAN MARTIN,220909,LA B. DE SHILCAYO,00042962,EPIDEMIAS DENGUE HEMORRAGICO DISTRITO LA BANDA DE SHILC,EPIDEMIAS,30,0,0,0,-76.3575,-6.49193
2014-10-03,22,SAN MARTIN,2209,SAN MARTIN,220912,SAN ANTONIO,00066982,ROYA AMARILLA DEL CAFETO AFECTA EL DISTRITO DE SAN ANT,PLAGAS,0,0,0,0,-76.4077,-6.42185
2014-10-03,22,SAN MARTIN,2209,SAN MARTIN,220913,SAUCE,00066983,ROYA AMARILLA DEL CAFETO AFECTA EL DISTRITO DE SAUCE,PLAGAS,0,0,0,0,-76.2183,-6.69161
2014-10-03,22,SAN MARTIN,2210,TOCACHE,221001,TOCACHE,00066930,ROYA AMARILLA DEL CAFETO AFECTA EL DISTRITO DE TOCACHE,PLAGAS,0,0,0,0,-76.555,-8.19118
2014-10-03,22,SAN MARTIN,2210,TOCACHE,221002,NUEVO PROGRESO,00066925,ROYA AMARILLA DEL CAFETO AFECTA EL DISTRITO DE NUEVO P,PLAGAS,0,0,0,0,-76.3286,-8.45052
2014-10-03,22,SAN MARTIN,2210,TOCACHE,221003,POLVORA,00066926,ROYA AMARILLA DEL CAFETO AFECTA EL DISTRITO DE POLVARA,PLAGAS,0,0,0,0,-76.6706,-7.90764
2014-10-03,22,SAN MARTIN,2210,TOCACHE,221004,SHUNTE,00066927,ROYA AMARILLA DEL CAFETO AFECTA EL DISTRITO DE SHUNTE,PLAGAS,0,0,0,0,-76.7331,-8.38455
2014-10-03,22,SAN MARTIN,2210,TOCACHE,221005,UCHIZA,00066931,ROYA AMARILLA DEL CAFETO AFECTA EL DISTRITO DE UCHIZA,PLAGAS,0,0,0,0,-76.466,-8.45245
2012-03-27,24,TUMBES,2401,TUMBES,240101,TUMBES,00051148,EPIDEMIAS,EPIDEMIAS,41,0,0,0,-80.4593,-3.57059
2012-03-27,24,TUMBES,2401,TUMBES,240101,TUMBES,00051149,EPIDEMIAS,EPIDEMIAS,37,0,0,0,-80.4593,-3.57059
2012-03-27,24,TUMBES,2401,TUMBES,240101,TUMBES,00051158,EPIDEMIAS,EPIDEMIAS,449,0,0,0,-80.4593,-3.57059
2012-03-27,24,TUMBES,2401,TUMBES,240101,TUMBES,00051160,EPIDEMIAS,EPIDEMIAS,273,0,0,0,-80.4593,-3.57059
2015-02-20,24,TUMBES,2401,TUMBES,240101,TUMBES,00071160,PRESENCIA DE EPIDEMIA DE DENGUE Y CHIKUNGUNYA EN LAREGI,EPIDEMIAS,2573,0,1,0,-80.4538,-3.56473
2016-01-01,24,TUMBES,2401,TUMBES,240101,TUMBES,00075458,AFECTACION DE LA POBLACION  TUMBESINA POR EPIDEMIAS,EPIDEMIAS,325,0,0,0,-80.4538,-3.56473
2016-12-13,24,TUMBES,2401,TUMBES,240101,TUMBES,00080493,DENGUE  CHIKUNGUNYA ZIKA,EPIDEMIAS,510,0,0,0,-80.4538,-3.56473
2017-02-06,24,TUMBES,2401,TUMBES,240101,TUMBES,00081876,BROTE EPIDEMICO,EPIDEMIAS,0,0,0,0,-80.4538,-3.56473
2017-05-17,24,TUMBES,2403,ZARUMILLA,240302,AGUAS VERDES,00089343,DESABASTECIMIENTO DE AGUA POTABLE,OTROS FENOMENOS DE ORIGEN BIOL,1000,0,0,0,-80.2671,-3.49071
2011-03-19,25,UCAYALI,2501,CRNEL PORTILLO,250101,CALLERIA,00043491,DENGUE EN LAS PROVINCIAS DEL DEPARTAMENTO DE UCAYALI,EPIDEMIAS,214,0,1,0,-74.5331,-8.37911
2012-01-24,25,UCAYALI,2501,CRNEL PORTILLO,250101,CALLERIA,00049330,DECLARATORIA DE EMERGENCIA DENGUE REGION UCAYALI,EPIDEMIAS,0,0,3,0,-74.5331,-8.37911
2012-10-01,25,UCAYALI,2501,CRNEL PORTILLO,250101,CALLERIA,00054884,DENGUE EN LA REGION UCAYALI,EPIDEMIAS,7601,0,13,0,-74.5331,-8.37911
2013-01-01,25,UCAYALI,2501,CRNEL PORTILLO,250101,CALLERIA,00056136,APLIACION DENGUE UCAYALI,EPIDEMIAS,1691,0,2,0,-74.5331,-8.37911
2015-12-30,25,UCAYALI,2501,CRNEL PORTILLO,250101,CALLERIA,00076727,AFECTACION DEL DENGUE EN LA REGION UCAYALI,EPIDEMIAS,285,0,0,0,-74.5331,-8.37911
2014-10-03,25,UCAYALI,2502,ATALAYA,250201,RAYMONDI,00066539,INCREMENTO DE LA ROYA AMARILLA AFECTA CULTIVOS DE CAFE,PLAGAS,0,0,0,0,-73.7589,-10.728
2014-10-03,25,UCAYALI,2503,PADRE ABAD,250301,PADRE ABAD,00066543,INCREMENTO DE LA ENFERMEDAD ROYA AMARILLA AFECTA CULTIV,PLAGAS,0,0,0,0,-75.5101,-9.03693
